id,timestamp,date,hour,temperature,humidity,light,co2,is_anomaly
1,2024-09-01 00:00:00,2024-09-01,0,13.5,74.3,1295.0,795.7,0
2,2024-09-01 01:00:00,2024-09-01,1,15.4,78.5,0.0,761.2,0
3,2024-09-01 02:00:00,2024-09-01,2,14.2,64.1,0.0,713.0,0
4,2024-09-01 03:00:00,2024-09-01,3,13.7,65.0,2931.0,699.3,0
5,2024-09-01 04:00:00,2024-09-01,4,15.9,70.6,0.0,686.3,0
6,2024-09-01 05:00:00,2024-09-01,5,17.8,66.1,0.0,694.4,0
7,2024-09-01 06:00:00,2024-09-01,6,22.0,58.9,418.0,541.2,0
8,2024-09-01 07:00:00,2024-09-01,7,23.9,63.3,7533.0,552.1,0
9,2024-09-01 08:00:00,2024-09-01,8,24.1,65.3,15687.0,472.1,0
10,2024-09-01 09:00:00,2024-09-01,9,25.4,61.0,23275.0,521.9,0
11,2024-09-01 10:00:00,2024-09-01,10,26.4,54.8,26643.0,499.4,0
12,2024-09-01 11:00:00,2024-09-01,11,26.8,49.4,30603.0,495.8,0
13,2024-09-01 12:00:00,2024-09-01,12,29.3,51.8,30723.0,496.1,0
14,2024-09-01 13:00:00,2024-09-01,13,24.5,59.5,29152.0,446.1,0
15,2024-09-01 14:00:00,2024-09-01,14,27.3,58.1,28937.0,454.5,0
16,2024-09-01 15:00:00,2024-09-01,15,25.2,55.4,23044.0,503.8,0
17,2024-09-01 16:00:00,2024-09-01,16,24.9,64.8,13596.0,515.2,0
18,2024-09-01 17:00:00,2024-09-01,17,23.3,63.7,7775.0,554.1,0
19,2024-09-01 18:00:00,2024-09-01,18,20.2,61.0,0.0,612.1,0
20,2024-09-01 19:00:00,2024-09-01,19,19.1,67.2,0.0,638.0,0
21,2024-09-01 20:00:00,2024-09-01,20,16.8,82.3,0.0,684.0,0
22,2024-09-01 21:00:00,2024-09-01,21,16.8,75.8,1582.0,678.8,0
23,2024-09-01 22:00:00,2024-09-01,22,14.7,84.6,0.0,712.9,0
24,2024-09-01 23:00:00,2024-09-01,23,10.7,75.0,0.0,759.1,0
25,2024-09-02 00:00:00,2024-09-02,0,11.6,73.4,1627.0,713.1,0
26,2024-09-02 01:00:00,2024-09-02,1,10.7,75.6,520.0,768.3,0
27,2024-09-02 02:00:00,2024-09-02,2,14.7,75.1,501.0,740.3,0
28,2024-09-02 03:00:00,2024-09-02,3,15.6,68.5,3732.0,720.3,0
29,2024-09-02 04:00:00,2024-09-02,4,15.3,73.9,2317.0,650.4,0
30,2024-09-02 05:00:00,2024-09-02,5,20.0,77.1,0.0,616.2,0
31,2024-09-02 06:00:00,2024-09-02,6,20.7,66.7,553.0,624.8,0
32,2024-09-02 07:00:00,2024-09-02,7,22.5,76.0,9016.0,535.5,0
33,2024-09-02 08:00:00,2024-09-02,8,38.2,62.4,14553.0,546.4,1
34,2024-09-02 09:00:00,2024-09-02,9,27.4,48.2,21886.0,495.5,0
35,2024-09-02 10:00:00,2024-09-02,10,26.8,52.3,21345.0,462.1,0
36,2024-09-02 11:00:00,2024-09-02,11,29.5,49.9,26366.0,432.6,0
37,2024-09-02 12:00:00,2024-09-02,12,29.5,63.9,28666.0,399.2,0
38,2024-09-02 13:00:00,2024-09-02,13,26.7,57.8,28647.0,434.5,0
39,2024-09-02 14:00:00,2024-09-02,14,27.8,54.3,29760.0,449.8,0
40,2024-09-02 15:00:00,2024-09-02,15,25.8,60.9,17230.0,506.7,0
41,2024-09-02 16:00:00,2024-09-02,16,24.7,62.6,14217.0,538.1,0
42,2024-09-02 17:00:00,2024-09-02,17,22.7,60.0,10951.0,548.2,0
43,2024-09-02 18:00:00,2024-09-02,18,20.6,61.0,0.0,604.7,0
44,2024-09-02 19:00:00,2024-09-02,19,18.2,66.6,542.0,706.2,0
45,2024-09-02 20:00:00,2024-09-02,20,15.0,71.1,0.0,650.5,0
46,2024-09-02 21:00:00,2024-09-02,21,16.2,75.1,0.0,643.3,0
47,2024-09-02 22:00:00,2024-09-02,22,13.9,77.4,3867.0,742.3,0
48,2024-09-02 23:00:00,2024-09-02,23,14.8,77.3,1498.0,799.2,0
49,2024-09-03 00:00:00,2024-09-03,0,13.5,80.7,1003.0,781.8,0
50,2024-09-03 01:00:00,2024-09-03,1,12.3,68.3,221.0,732.0,0
51,2024-09-03 02:00:00,2024-09-03,2,16.2,68.8,0.0,705.2,0
52,2024-09-03 03:00:00,2024-09-03,3,16.0,71.2,0.0,690.9,0
53,2024-09-03 04:00:00,2024-09-03,4,19.4,60.6,3222.0,690.8,0
54,2024-09-03 05:00:00,2024-09-03,5,20.3,68.7,0.0,649.7,0
55,2024-09-03 06:00:00,2024-09-03,6,19.9,58.3,0.0,697.6,0
56,2024-09-03 07:00:00,2024-09-03,7,23.5,61.8,7364.0,621.9,0
57,2024-09-03 08:00:00,2024-09-03,8,25.1,56.0,12119.0,533.1,0
58,2024-09-03 09:00:00,2024-09-03,9,29.2,60.0,21393.0,496.4,0
59,2024-09-03 10:00:00,2024-09-03,10,27.0,49.6,22817.0,472.5,0
60,2024-09-03 11:00:00,2024-09-03,11,28.1,57.6,29350.0,479.9,0
61,2024-09-03 12:00:00,2024-09-03,12,25.3,53.2,27961.0,475.0,0
62,2024-09-03 13:00:00,2024-09-03,13,27.7,47.9,32158.0,469.3,0
63,2024-09-03 14:00:00,2024-09-03,14,29.0,62.0,24901.0,427.5,0
64,2024-09-03 15:00:00,2024-09-03,15,22.7,63.6,17420.0,511.9,0
65,2024-09-03 16:00:00,2024-09-03,16,24.6,61.4,14056.0,531.5,0
66,2024-09-03 17:00:00,2024-09-03,17,21.6,70.0,8498.0,567.5,0
67,2024-09-03 18:00:00,2024-09-03,18,19.5,63.8,0.0,585.3,0
68,2024-09-03 19:00:00,2024-09-03,19,17.6,63.2,0.0,615.7,0
69,2024-09-03 20:00:00,2024-09-03,20,15.9,62.0,0.0,695.4,0
70,2024-09-03 21:00:00,2024-09-03,21,15.0,75.3,1561.0,710.6,0
71,2024-09-03 22:00:00,2024-09-03,22,12.1,74.6,2799.0,716.5,0
72,2024-09-03 23:00:00,2024-09-03,23,15.2,71.3,2307.0,733.6,0
73,2024-09-04 00:00:00,2024-09-04,0,13.4,84.6,639.0,755.8,0
74,2024-09-04 01:00:00,2024-09-04,1,12.2,81.4,0.0,725.4,0
75,2024-09-04 02:00:00,2024-09-04,2,14.5,72.4,0.0,721.9,0
76,2024-09-04 03:00:00,2024-09-04,3,14.4,84.8,2794.0,694.4,0
77,2024-09-04 04:00:00,2024-09-04,4,17.2,74.0,108.0,682.2,0
78,2024-09-04 05:00:00,2024-09-04,5,19.2,65.3,0.0,697.7,0
79,2024-09-04 06:00:00,2024-09-04,6,23.7,66.1,0.0,642.6,0
80,2024-09-04 07:00:00,2024-09-04,7,20.7,68.4,8516.0,520.0,0
81,2024-09-04 08:00:00,2024-09-04,8,28.4,54.5,18224.0,500.6,0
82,2024-09-04 09:00:00,2024-09-04,9,28.0,56.8,22149.0,494.4,0
83,2024-09-04 10:00:00,2024-09-04,10,27.1,61.6,25509.0,467.8,0
84,2024-09-04 11:00:00,2024-09-04,11,29.8,53.9,28228.0,430.6,0
85,2024-09-04 12:00:00,2024-09-04,12,41.8,34.0,27548.0,451.2,1
86,2024-09-04 13:00:00,2024-09-04,13,28.9,51.5,29025.0,464.6,0
87,2024-09-04 14:00:00,2024-09-04,14,28.1,64.3,25475.0,473.9,0
88,2024-09-04 15:00:00,2024-09-04,15,27.8,60.3,20497.0,521.0,0
89,2024-09-04 16:00:00,2024-09-04,16,23.7,62.9,17379.0,531.7,0
90,2024-09-04 17:00:00,2024-09-04,17,21.9,56.4,3411.0,549.4,0
91,2024-09-04 18:00:00,2024-09-04,18,23.2,67.8,4169.0,641.7,0
92,2024-09-04 19:00:00,2024-09-04,19,19.9,66.1,0.0,656.7,0
93,2024-09-04 20:00:00,2024-09-04,20,16.0,63.7,2378.0,673.8,0
94,2024-09-04 21:00:00,2024-09-04,21,15.5,76.6,0.0,719.6,0
95,2024-09-04 22:00:00,2024-09-04,22,14.4,82.6,2484.0,727.3,0
96,2024-09-04 23:00:00,2024-09-04,23,11.8,77.9,432.0,796.2,0
97,2024-09-05 00:00:00,2024-09-05,0,13.0,70.6,0.0,764.3,0
98,2024-09-05 01:00:00,2024-09-05,1,16.3,64.9,0.0,751.8,0
99,2024-09-05 02:00:00,2024-09-05,2,13.9,68.5,2577.0,743.8,0
100,2024-09-05 03:00:00,2024-09-05,3,14.4,79.6,0.0,668.8,0
101,2024-09-05 04:00:00,2024-09-05,4,17.7,73.5,1032.0,689.3,0
102,2024-09-05 05:00:00,2024-09-05,5,20.0,68.8,1640.0,587.6,0
103,2024-09-05 06:00:00,2024-09-05,6,21.8,66.5,1416.0,666.3,0
104,2024-09-05 07:00:00,2024-09-05,7,21.2,54.3,6270.0,562.8,0
105,2024-09-05 08:00:00,2024-09-05,8,22.1,56.2,16832.0,557.7,0
106,2024-09-05 09:00:00,2024-09-05,9,29.2,57.8,22870.0,524.2,0
107,2024-09-05 10:00:00,2024-09-05,10,28.9,51.8,29265.0,468.9,0
108,2024-09-05 11:00:00,2024-09-05,11,27.5,44.4,29088.0,530.3,0
109,2024-09-05 12:00:00,2024-09-05,12,31.1,52.6,30055.0,445.9,0
110,2024-09-05 13:00:00,2024-09-05,13,30.4,57.1,28754.0,464.9,0
111,2024-09-05 14:00:00,2024-09-05,14,29.1,48.8,25443.0,456.9,0
112,2024-09-05 15:00:00,2024-09-05,15,28.4,61.3,19953.0,488.4,0
113,2024-09-05 16:00:00,2024-09-05,16,24.4,57.6,14195.0,512.1,0
114,2024-09-05 17:00:00,2024-09-05,17,21.4,58.8,4598.0,603.6,0
115,2024-09-05 18:00:00,2024-09-05,18,21.7,71.6,0.0,571.6,0
116,2024-09-05 19:00:00,2024-09-05,19,16.5,53.7,323.0,662.1,0
117,2024-09-05 20:00:00,2024-09-05,20,17.6,62.4,2078.0,654.1,0
118,2024-09-05 21:00:00,2024-09-05,21,15.4,64.6,0.0,718.9,0
119,2024-09-05 22:00:00,2024-09-05,22,12.0,74.4,0.0,696.4,0
120,2024-09-05 23:00:00,2024-09-05,23,12.4,80.3,4513.0,727.7,0
121,2024-09-06 00:00:00,2024-09-06,0,10.5,78.5,470.0,804.5,0
122,2024-09-06 01:00:00,2024-09-06,1,15.6,74.6,0.0,723.4,0
123,2024-09-06 02:00:00,2024-09-06,2,14.8,72.2,2830.0,733.7,0
124,2024-09-06 03:00:00,2024-09-06,3,14.9,77.2,0.0,716.3,0
125,2024-09-06 04:00:00,2024-09-06,4,14.4,75.1,1926.0,680.2,0
126,2024-09-06 05:00:00,2024-09-06,5,20.8,69.7,0.0,607.1,0
127,2024-09-06 06:00:00,2024-09-06,6,23.0,68.8,661.0,626.1,0
128,2024-09-06 07:00:00,2024-09-06,7,20.8,68.1,6848.0,593.8,0
129,2024-09-06 08:00:00,2024-09-06,8,26.8,56.6,16899.0,514.2,0
130,2024-09-06 09:00:00,2024-09-06,9,26.1,59.2,21782.0,495.1,0
131,2024-09-06 10:00:00,2024-09-06,10,31.3,42.4,27720.0,501.8,0
132,2024-09-06 11:00:00,2024-09-06,11,27.2,64.6,31184.0,489.7,0
133,2024-09-06 12:00:00,2024-09-06,12,29.0,61.8,29703.0,429.6,0
134,2024-09-06 13:00:00,2024-09-06,13,27.4,50.8,27165.0,480.4,0
135,2024-09-06 14:00:00,2024-09-06,14,29.7,57.6,28789.0,455.2,0
136,2024-09-06 15:00:00,2024-09-06,15,26.9,56.8,22862.0,490.2,0
137,2024-09-06 16:00:00,2024-09-06,16,24.8,62.8,11490.0,521.3,0
138,2024-09-06 17:00:00,2024-09-06,17,23.4,63.6,6804.0,630.1,0
139,2024-09-06 18:00:00,2024-09-06,18,23.5,61.5,0.0,669.1,0
140,2024-09-06 19:00:00,2024-09-06,19,20.4,64.6,435.0,697.2,0
141,2024-09-06 20:00:00,2024-09-06,20,18.0,76.4,1610.0,702.9,0
142,2024-09-06 21:00:00,2024-09-06,21,15.7,75.7,0.0,709.7,0
143,2024-09-06 22:00:00,2024-09-06,22,12.2,86.7,0.0,719.1,0
144,2024-09-06 23:00:00,2024-09-06,23,13.0,69.8,1314.0,768.6,0
145,2024-09-07 00:00:00,2024-09-07,0,16.3,76.7,0.0,792.4,0
146,2024-09-07 01:00:00,2024-09-07,1,13.4,79.7,0.0,706.4,0
147,2024-09-07 02:00:00,2024-09-07,2,17.2,76.1,291.0,781.3,0
148,2024-09-07 03:00:00,2024-09-07,3,13.7,60.2,0.0,670.5,0
149,2024-09-07 04:00:00,2024-09-07,4,20.9,66.7,0.0,629.4,0
150,2024-09-07 05:00:00,2024-09-07,5,21.6,68.4,0.0,634.8,0
151,2024-09-07 06:00:00,2024-09-07,6,22.0,73.1,920.0,592.5,0
152,2024-09-07 07:00:00,2024-09-07,7,21.7,61.0,8891.0,515.2,0
153,2024-09-07 08:00:00,2024-09-07,8,26.3,61.0,14702.0,505.2,0
154,2024-09-07 09:00:00,2024-09-07,9,26.5,55.4,22150.0,509.2,0
155,2024-09-07 10:00:00,2024-09-07,10,31.7,58.7,22583.0,475.4,0
156,2024-09-07 11:00:00,2024-09-07,11,32.1,52.0,24486.0,428.8,0
157,2024-09-07 12:00:00,2024-09-07,12,28.9,54.1,30250.0,456.9,0
158,2024-09-07 13:00:00,2024-09-07,13,28.8,52.2,30793.0,456.2,0
159,2024-09-07 14:00:00,2024-09-07,14,29.6,57.0,26295.0,522.0,0
160,2024-09-07 15:00:00,2024-09-07,15,26.3,56.6,18875.0,471.7,0
161,2024-09-07 16:00:00,2024-09-07,16,38.6,63.0,17080.0,522.2,1
162,2024-09-07 17:00:00,2024-09-07,17,24.9,58.3,8502.0,549.4,0
163,2024-09-07 18:00:00,2024-09-07,18,21.3,65.2,0.0,622.4,0
164,2024-09-07 19:00:00,2024-09-07,19,18.5,68.7,499.0,686.1,0
165,2024-09-07 20:00:00,2024-09-07,20,17.9,70.9,0.0,680.8,0
166,2024-09-07 21:00:00,2024-09-07,21,15.6,68.6,2390.0,660.4,0
167,2024-09-07 22:00:00,2024-09-07,22,13.3,75.5,3131.0,727.9,0
168,2024-09-07 23:00:00,2024-09-07,23,11.1,63.7,880.0,729.8,0
169,2024-09-08 00:00:00,2024-09-08,0,13.5,72.2,0.0,776.2,0
170,2024-09-08 01:00:00,2024-09-08,1,14.3,74.2,3693.0,712.8,0
171,2024-09-08 02:00:00,2024-09-08,2,14.1,74.9,0.0,740.5,0
172,2024-09-08 03:00:00,2024-09-08,3,13.6,79.3,0.0,739.6,0
173,2024-09-08 04:00:00,2024-09-08,4,17.6,72.3,1140.0,688.4,0
174,2024-09-08 05:00:00,2024-09-08,5,19.3,71.1,0.0,682.0,0
175,2024-09-08 06:00:00,2024-09-08,6,20.1,74.0,0.0,557.1,0
176,2024-09-08 07:00:00,2024-09-08,7,39.4,59.1,6872.0,504.5,1
177,2024-09-08 08:00:00,2024-09-08,8,23.7,68.1,17430.0,547.3,0
178,2024-09-08 09:00:00,2024-09-08,9,28.2,62.2,20566.0,495.4,0
179,2024-09-08 10:00:00,2024-09-08,10,29.8,53.0,28027.0,472.8,0
180,2024-09-08 11:00:00,2024-09-08,11,26.7,49.8,30816.0,471.7,0
181,2024-09-08 12:00:00,2024-09-08,12,29.4,59.4,32952.0,495.7,0
182,2024-09-08 13:00:00,2024-09-08,13,29.0,58.0,30014.0,494.4,0
183,2024-09-08 14:00:00,2024-09-08,14,31.2,62.2,25779.0,515.1,0
184,2024-09-08 15:00:00,2024-09-08,15,29.3,55.6,24678.0,526.2,0
185,2024-09-08 16:00:00,2024-09-08,16,24.6,49.9,16142.0,536.3,0
186,2024-09-08 17:00:00,2024-09-08,17,21.2,68.4,6785.0,654.0,0
187,2024-09-08 18:00:00,2024-09-08,18,20.5,57.9,965.0,587.4,0
188,2024-09-08 19:00:00,2024-09-08,19,20.7,66.2,2769.0,661.5,0
189,2024-09-08 20:00:00,2024-09-08,20,18.5,84.7,0.0,677.3,0
190,2024-09-08 21:00:00,2024-09-08,21,17.4,74.3,0.0,665.2,0
191,2024-09-08 22:00:00,2024-09-08,22,13.4,76.8,0.0,771.6,0
192,2024-09-08 23:00:00,2024-09-08,23,13.7,63.0,0.0,740.6,0
193,2024-09-09 00:00:00,2024-09-09,0,15.5,66.8,3623.0,776.5,0
194,2024-09-09 01:00:00,2024-09-09,1,12.1,66.5,3434.0,791.0,0
195,2024-09-09 02:00:00,2024-09-09,2,14.9,72.2,0.0,710.2,0
196,2024-09-09 03:00:00,2024-09-09,3,15.2,66.3,1176.0,709.5,0
197,2024-09-09 04:00:00,2024-09-09,4,19.2,62.0,1008.0,610.4,0
198,2024-09-09 05:00:00,2024-09-09,5,20.7,66.8,3168.0,708.1,0
199,2024-09-09 06:00:00,2024-09-09,6,20.7,62.7,298.0,585.7,0
200,2024-09-09 07:00:00,2024-09-09,7,15.8,86.3,6803.0,487.5,1
201,2024-09-09 08:00:00,2024-09-09,8,25.2,62.0,15296.0,474.8,0
202,2024-09-09 09:00:00,2024-09-09,9,25.7,60.5,22413.0,469.6,0
203,2024-09-09 10:00:00,2024-09-09,10,27.9,56.2,27318.0,454.6,0
204,2024-09-09 11:00:00,2024-09-09,11,29.2,54.0,29339.0,477.7,0
205,2024-09-09 12:00:00,2024-09-09,12,30.4,64.1,28020.0,436.8,0
206,2024-09-09 13:00:00,2024-09-09,13,28.4,56.4,27769.0,445.3,0
207,2024-09-09 14:00:00,2024-09-09,14,27.9,60.2,27561.0,458.4,0
208,2024-09-09 15:00:00,2024-09-09,15,24.8,63.8,23889.0,541.5,0
209,2024-09-09 16:00:00,2024-09-09,16,13.5,65.6,10698.0,578.0,1
210,2024-09-09 17:00:00,2024-09-09,17,25.7,67.5,6388.0,628.8,0
211,2024-09-09 18:00:00,2024-09-09,18,17.4,76.5,0.0,550.6,0
212,2024-09-09 19:00:00,2024-09-09,19,11.1,50.4,1190.0,664.4,1
213,2024-09-09 20:00:00,2024-09-09,20,16.8,72.0,0.0,691.6,0
214,2024-09-09 21:00:00,2024-09-09,21,14.2,67.1,1942.0,687.5,0
215,2024-09-09 22:00:00,2024-09-09,22,16.5,77.5,0.0,682.3,0
216,2024-09-09 23:00:00,2024-09-09,23,12.0,77.4,3693.0,751.6,0
217,2024-09-10 00:00:00,2024-09-10,0,15.3,74.6,0.0,751.9,0
218,2024-09-10 01:00:00,2024-09-10,1,15.3,76.6,0.0,756.9,0
219,2024-09-10 02:00:00,2024-09-10,2,16.0,72.2,0.0,752.4,0
220,2024-09-10 03:00:00,2024-09-10,3,16.7,69.3,3639.0,681.2,0
221,2024-09-10 04:00:00,2024-09-10,4,20.5,63.8,1049.0,653.0,0
222,2024-09-10 05:00:00,2024-09-10,5,21.0,75.7,0.0,646.9,0
223,2024-09-10 06:00:00,2024-09-10,6,21.7,65.0,829.0,576.8,0
224,2024-09-10 07:00:00,2024-09-10,7,24.7,67.9,8370.0,545.2,0
225,2024-09-10 08:00:00,2024-09-10,8,23.5,56.4,13827.0,519.1,0
226,2024-09-10 09:00:00,2024-09-10,9,25.9,61.4,23275.0,497.2,0
227,2024-09-10 10:00:00,2024-09-10,10,26.4,50.2,27371.0,528.5,0
228,2024-09-10 11:00:00,2024-09-10,11,29.1,51.9,26996.0,474.0,0
229,2024-09-10 12:00:00,2024-09-10,12,31.6,53.5,32628.0,413.6,0
230,2024-09-10 13:00:00,2024-09-10,13,28.1,48.3,29124.0,478.5,0
231,2024-09-10 14:00:00,2024-09-10,14,27.0,57.5,24926.0,480.9,0
232,2024-09-10 15:00:00,2024-09-10,15,25.2,53.5,19805.0,486.8,0
233,2024-09-10 16:00:00,2024-09-10,16,23.9,52.0,19311.0,491.1,0
234,2024-09-10 17:00:00,2024-09-10,17,23.6,62.4,6995.0,575.1,0
235,2024-09-10 18:00:00,2024-09-10,18,20.5,70.8,1137.0,618.0,0
236,2024-09-10 19:00:00,2024-09-10,19,17.3,65.8,0.0,678.2,0
237,2024-09-10 20:00:00,2024-09-10,20,16.8,71.0,4930.0,666.0,0
238,2024-09-10 21:00:00,2024-09-10,21,11.7,72.4,0.0,676.3,0
239,2024-09-10 22:00:00,2024-09-10,22,15.0,73.9,0.0,710.5,0
240,2024-09-10 23:00:00,2024-09-10,23,13.9,70.7,1080.0,706.4,0
241,2024-09-11 00:00:00,2024-09-11,0,12.2,74.7,0.0,737.7,0
242,2024-09-11 01:00:00,2024-09-11,1,14.0,71.5,31.0,723.0,0
243,2024-09-11 02:00:00,2024-09-11,2,12.0,78.2,999.0,798.6,0
244,2024-09-11 03:00:00,2024-09-11,3,15.4,77.0,0.0,670.9,0
245,2024-09-11 04:00:00,2024-09-11,4,8.6,53.8,0.0,669.8,1
246,2024-09-11 05:00:00,2024-09-11,5,33.3,69.5,0.0,644.3,1
247,2024-09-11 06:00:00,2024-09-11,6,19.4,67.6,0.0,577.1,0
248,2024-09-11 07:00:00,2024-09-11,7,22.3,60.1,9229.0,524.0,0
249,2024-09-11 08:00:00,2024-09-11,8,24.8,65.1,15583.0,503.1,0
250,2024-09-11 09:00:00,2024-09-11,9,26.6,56.0,21038.0,498.5,0
251,2024-09-11 10:00:00,2024-09-11,10,24.5,55.9,22962.0,461.8,0
252,2024-09-11 11:00:00,2024-09-11,11,28.9,56.6,30564.0,491.9,0
253,2024-09-11 12:00:00,2024-09-11,12,29.2,52.3,28462.0,381.8,0
254,2024-09-11 13:00:00,2024-09-11,13,27.3,46.4,31488.0,460.8,0
255,2024-09-11 14:00:00,2024-09-11,14,28.2,52.1,26329.0,477.5,0
256,2024-09-11 15:00:00,2024-09-11,15,25.6,53.5,23138.0,492.3,0
257,2024-09-11 16:00:00,2024-09-11,16,23.7,59.7,16663.0,524.2,0
258,2024-09-11 17:00:00,2024-09-11,17,23.6,57.9,7288.0,537.8,0
259,2024-09-11 18:00:00,2024-09-11,18,10.5,41.2,421.0,615.4,1
260,2024-09-11 19:00:00,2024-09-11,19,17.3,73.3,0.0,655.3,0
261,2024-09-11 20:00:00,2024-09-11,20,17.8,78.0,2250.0,651.0,0
262,2024-09-11 21:00:00,2024-09-11,21,14.8,73.6,0.0,714.3,0
263,2024-09-11 22:00:00,2024-09-11,22,13.7,69.0,2956.0,715.0,0
264,2024-09-11 23:00:00,2024-09-11,23,13.8,70.4,0.0,775.4,0
265,2024-09-12 00:00:00,2024-09-12,0,14.2,78.8,0.0,768.3,0
266,2024-09-12 01:00:00,2024-09-12,1,11.6,80.0,1518.0,762.4,0
267,2024-09-12 02:00:00,2024-09-12,2,15.4,62.6,2394.0,732.4,0
268,2024-09-12 03:00:00,2024-09-12,3,16.8,77.7,1268.0,720.3,0
269,2024-09-12 04:00:00,2024-09-12,4,16.9,65.3,2421.0,693.6,0
270,2024-09-12 05:00:00,2024-09-12,5,18.6,65.5,0.0,589.0,0
271,2024-09-12 06:00:00,2024-09-12,6,20.5,66.5,1469.0,570.2,0
272,2024-09-12 07:00:00,2024-09-12,7,25.8,70.2,5780.0,572.8,0
273,2024-09-12 08:00:00,2024-09-12,8,25.4,66.5,13191.0,515.9,0
274,2024-09-12 09:00:00,2024-09-12,9,26.1,57.1,22449.0,514.9,0
275,2024-09-12 10:00:00,2024-09-12,10,28.9,50.9,23325.0,469.6,0
276,2024-09-12 11:00:00,2024-09-12,11,30.3,59.7,29690.0,456.6,0
277,2024-09-12 12:00:00,2024-09-12,12,31.8,63.4,30858.0,455.9,0
278,2024-09-12 13:00:00,2024-09-12,13,28.4,58.0,27595.0,388.4,0
279,2024-09-12 14:00:00,2024-09-12,14,28.4,58.0,25007.0,474.4,0
280,2024-09-12 15:00:00,2024-09-12,15,41.5,52.9,21106.0,518.3,1
281,2024-09-12 16:00:00,2024-09-12,16,25.1,59.0,13244.0,500.2,0
282,2024-09-12 17:00:00,2024-09-12,17,24.7,58.4,10750.0,553.0,0
283,2024-09-12 18:00:00,2024-09-12,18,32.6,69.4,1474.0,591.6,1
284,2024-09-12 19:00:00,2024-09-12,19,17.6,68.3,0.0,666.6,0
285,2024-09-12 20:00:00,2024-09-12,20,17.1,81.8,0.0,693.3,0
286,2024-09-12 21:00:00,2024-09-12,21,14.7,80.2,528.0,688.4,0
287,2024-09-12 22:00:00,2024-09-12,22,13.6,66.7,2877.0,736.2,0
288,2024-09-12 23:00:00,2024-09-12,23,14.4,72.5,0.0,738.4,0
289,2024-09-13 00:00:00,2024-09-13,0,15.8,73.7,1889.0,729.3,0
290,2024-09-13 01:00:00,2024-09-13,1,10.4,74.5,257.0,776.9,0
291,2024-09-13 02:00:00,2024-09-13,2,12.9,76.0,3165.0,741.3,0
292,2024-09-13 03:00:00,2024-09-13,3,15.3,68.6,0.0,660.6,0
293,2024-09-13 04:00:00,2024-09-13,4,14.0,64.8,0.0,648.7,0
294,2024-09-13 05:00:00,2024-09-13,5,18.9,63.9,0.0,666.9,0
295,2024-09-13 06:00:00,2024-09-13,6,17.2,70.3,0.0,606.4,0
296,2024-09-13 07:00:00,2024-09-13,7,27.2,63.3,7576.0,551.5,0
297,2024-09-13 08:00:00,2024-09-13,8,26.8,56.9,15680.0,508.7,0
298,2024-09-13 09:00:00,2024-09-13,9,25.4,57.7,19368.0,529.1,0
299,2024-09-13 10:00:00,2024-09-13,10,42.0,58.2,24774.0,478.4,1
300,2024-09-13 11:00:00,2024-09-13,11,27.9,58.3,29520.0,464.2,0
301,2024-09-13 12:00:00,2024-09-13,12,28.9,45.2,29669.0,489.2,0
302,2024-09-13 13:00:00,2024-09-13,13,28.3,60.3,30069.0,429.9,0
303,2024-09-13 14:00:00,2024-09-13,14,27.4,54.3,24655.0,409.2,0
304,2024-09-13 15:00:00,2024-09-13,15,24.7,64.1,21007.0,530.7,0
305,2024-09-13 16:00:00,2024-09-13,16,25.9,56.0,17389.0,491.4,0
306,2024-09-13 17:00:00,2024-09-13,17,22.8,65.0,6746.0,584.5,0
307,2024-09-13 18:00:00,2024-09-13,18,18.4,65.6,2057.0,560.5,0
308,2024-09-13 19:00:00,2024-09-13,19,20.3,70.9,0.0,663.8,0
309,2024-09-13 20:00:00,2024-09-13,20,15.9,70.8,0.0,606.7,0
310,2024-09-13 21:00:00,2024-09-13,21,16.1,71.8,0.0,677.8,0
311,2024-09-13 22:00:00,2024-09-13,22,14.1,75.8,0.0,752.4,0
312,2024-09-13 23:00:00,2024-09-13,23,14.9,72.0,1319.0,733.3,0
313,2024-09-14 00:00:00,2024-09-14,0,12.0,75.5,0.0,741.1,0
314,2024-09-14 01:00:00,2024-09-14,1,15.2,70.3,857.0,771.9,0
315,2024-09-14 02:00:00,2024-09-14,2,15.6,70.4,166.0,715.9,0
316,2024-09-14 03:00:00,2024-09-14,3,14.6,72.3,695.0,741.0,0
317,2024-09-14 04:00:00,2024-09-14,4,17.8,73.2,1307.0,755.6,0
318,2024-09-14 05:00:00,2024-09-14,5,21.5,65.8,1772.0,645.7,0
319,2024-09-14 06:00:00,2024-09-14,6,23.2,73.7,0.0,623.5,0
320,2024-09-14 07:00:00,2024-09-14,7,23.1,50.4,8613.0,565.5,0
321,2024-09-14 08:00:00,2024-09-14,8,28.8,60.5,14789.0,519.5,0
322,2024-09-14 09:00:00,2024-09-14,9,26.7,47.6,22117.0,456.7,0
323,2024-09-14 10:00:00,2024-09-14,10,28.0,56.4,28150.0,452.8,0
324,2024-09-14 11:00:00,2024-09-14,11,29.7,54.4,27419.0,449.3,0
325,2024-09-14 12:00:00,2024-09-14,12,29.5,44.2,29963.0,482.3,0
326,2024-09-14 13:00:00,2024-09-14,13,28.5,52.1,26222.0,399.4,0
327,2024-09-14 14:00:00,2024-09-14,14,29.5,64.0,27823.0,453.8,0
328,2024-09-14 15:00:00,2024-09-14,15,27.3,54.9,19797.0,504.2,0
329,2024-09-14 16:00:00,2024-09-14,16,24.1,58.5,18043.0,510.3,0
330,2024-09-14 17:00:00,2024-09-14,17,24.2,61.6,10217.0,595.9,0
331,2024-09-14 18:00:00,2024-09-14,18,21.7,68.8,763.0,619.1,0
332,2024-09-14 19:00:00,2024-09-14,19,19.4,63.9,0.0,619.5,0
333,2024-09-14 20:00:00,2024-09-14,20,14.4,73.7,1711.0,713.6,0
334,2024-09-14 21:00:00,2024-09-14,21,18.5,68.3,0.0,673.2,0
335,2024-09-14 22:00:00,2024-09-14,22,15.2,76.1,0.0,709.1,0
336,2024-09-14 23:00:00,2024-09-14,23,16.0,78.6,0.0,789.3,0
337,2024-09-15 00:00:00,2024-09-15,0,12.0,72.8,99.0,745.2,0
338,2024-09-15 01:00:00,2024-09-15,1,13.5,71.1,2221.0,709.4,0
339,2024-09-15 02:00:00,2024-09-15,2,2.3,71.3,0.0,695.5,1
340,2024-09-15 03:00:00,2024-09-15,3,14.1,72.6,0.0,701.3,0
341,2024-09-15 04:00:00,2024-09-15,4,15.0,65.5,0.0,639.6,0
342,2024-09-15 05:00:00,2024-09-15,5,17.3,60.3,0.0,602.2,0
343,2024-09-15 06:00:00,2024-09-15,6,21.7,61.1,0.0,611.9,0
344,2024-09-15 07:00:00,2024-09-15,7,24.5,60.0,9889.0,547.2,0
345,2024-09-15 08:00:00,2024-09-15,8,28.5,60.4,16270.0,509.7,0
346,2024-09-15 09:00:00,2024-09-15,9,27.6,56.1,22475.0,474.3,0
347,2024-09-15 10:00:00,2024-09-15,10,30.0,53.2,29418.0,461.5,0
348,2024-09-15 11:00:00,2024-09-15,11,29.9,56.7,29494.0,424.5,0
349,2024-09-15 12:00:00,2024-09-15,12,28.6,54.8,30654.0,498.9,0
350,2024-09-15 13:00:00,2024-09-15,13,28.4,55.2,27159.0,456.0,0
351,2024-09-15 14:00:00,2024-09-15,14,28.2,46.7,31328.0,498.8,0
352,2024-09-15 15:00:00,2024-09-15,15,26.8,61.3,22286.0,503.1,0
353,2024-09-15 16:00:00,2024-09-15,16,27.7,68.5,14787.0,566.7,0
354,2024-09-15 17:00:00,2024-09-15,17,22.0,58.4,5560.0,535.7,0
355,2024-09-15 18:00:00,2024-09-15,18,22.5,60.7,4479.0,613.8,0
356,2024-09-15 19:00:00,2024-09-15,19,21.2,63.2,2894.0,643.1,0
357,2024-09-15 20:00:00,2024-09-15,20,19.2,62.8,361.0,679.4,0
358,2024-09-15 21:00:00,2024-09-15,21,3.1,68.6,1924.0,672.2,1
359,2024-09-15 22:00:00,2024-09-15,22,13.3,72.1,0.0,736.3,0
360,2024-09-15 23:00:00,2024-09-15,23,14.7,79.3,0.0,722.0,0
361,2024-09-16 00:00:00,2024-09-16,0,14.7,74.0,0.0,689.9,0
362,2024-09-16 01:00:00,2024-09-16,1,13.8,76.0,2721.0,705.6,0
363,2024-09-16 02:00:00,2024-09-16,2,10.0,74.6,3601.0,767.1,0
364,2024-09-16 03:00:00,2024-09-16,3,17.0,67.2,953.0,721.2,0
365,2024-09-16 04:00:00,2024-09-16,4,18.1,67.5,0.0,621.9,0
366,2024-09-16 05:00:00,2024-09-16,5,33.6,68.3,0.0,672.5,1
367,2024-09-16 06:00:00,2024-09-16,6,22.5,69.7,1770.0,606.3,0
368,2024-09-16 07:00:00,2024-09-16,7,24.3,61.5,7426.0,565.7,0
369,2024-09-16 08:00:00,2024-09-16,8,26.8,60.8,14775.0,544.2,0
370,2024-09-16 09:00:00,2024-09-16,9,26.0,59.6,21370.0,477.3,0
371,2024-09-16 10:00:00,2024-09-16,10,27.2,58.4,27081.0,459.3,0
372,2024-09-16 11:00:00,2024-09-16,11,29.8,51.3,33460.0,442.8,0
373,2024-09-16 12:00:00,2024-09-16,12,25.8,54.8,29854.0,483.4,0
374,2024-09-16 13:00:00,2024-09-16,13,28.8,57.0,24648.0,495.3,0
375,2024-09-16 14:00:00,2024-09-16,14,29.0,59.5,28280.0,487.3,0
376,2024-09-16 15:00:00,2024-09-16,15,28.2,57.1,21958.0,476.3,0
377,2024-09-16 16:00:00,2024-09-16,16,25.0,69.8,13384.0,529.6,0
378,2024-09-16 17:00:00,2024-09-16,17,24.3,65.4,5913.0,564.2,0
379,2024-09-16 18:00:00,2024-09-16,18,21.8,65.4,1318.0,591.7,0
380,2024-09-16 19:00:00,2024-09-16,19,21.5,64.8,0.0,629.0,0
381,2024-09-16 20:00:00,2024-09-16,20,17.8,75.5,0.0,654.3,0
382,2024-09-16 21:00:00,2024-09-16,21,13.0,68.4,2488.0,681.4,0
383,2024-09-16 22:00:00,2024-09-16,22,17.2,82.8,1182.0,789.6,0
384,2024-09-16 23:00:00,2024-09-16,23,15.7,75.6,0.0,768.6,0
385,2024-09-17 00:00:00,2024-09-17,0,14.0,77.8,300.0,769.1,0
386,2024-09-17 01:00:00,2024-09-17,1,15.1,83.5,4253.0,757.9,0
387,2024-09-17 02:00:00,2024-09-17,2,13.6,76.8,1537.0,773.3,0
388,2024-09-17 03:00:00,2024-09-17,3,14.2,67.4,43.0,717.4,0
389,2024-09-17 04:00:00,2024-09-17,4,19.2,72.6,0.0,687.5,0
390,2024-09-17 05:00:00,2024-09-17,5,19.7,65.7,899.0,644.8,0
391,2024-09-17 06:00:00,2024-09-17,6,21.4,62.3,2071.0,576.4,0
392,2024-09-17 07:00:00,2024-09-17,7,23.8,64.5,5149.0,566.9,0
393,2024-09-17 08:00:00,2024-09-17,8,25.5,65.6,15603.0,545.6,0
394,2024-09-17 09:00:00,2024-09-17,9,23.6,60.9,19690.0,503.2,0
395,2024-09-17 10:00:00,2024-09-17,10,29.3,55.8,22961.0,473.7,0
396,2024-09-17 11:00:00,2024-09-17,11,28.5,52.5,30048.0,477.9,0
397,2024-09-17 12:00:00,2024-09-17,12,30.3,54.4,29816.0,462.1,0
398,2024-09-17 13:00:00,2024-09-17,13,27.7,51.6,31950.0,448.5,0
399,2024-09-17 14:00:00,2024-09-17,14,28.9,61.6,26908.0,486.5,0
400,2024-09-17 15:00:00,2024-09-17,15,26.5,60.3,23988.0,495.9,0
401,2024-09-17 16:00:00,2024-09-17,16,26.9,58.9,14986.0,543.5,0
402,2024-09-17 17:00:00,2024-09-17,17,22.5,63.6,4355.0,548.5,0
403,2024-09-17 18:00:00,2024-09-17,18,23.4,55.4,2252.0,591.8,0
404,2024-09-17 19:00:00,2024-09-17,19,20.2,70.9,883.0,612.9,0
405,2024-09-17 20:00:00,2024-09-17,20,18.3,78.5,0.0,652.2,0
406,2024-09-17 21:00:00,2024-09-17,21,17.2,71.3,0.0,739.2,0
407,2024-09-17 22:00:00,2024-09-17,22,14.8,78.6,0.0,706.1,0
408,2024-09-17 23:00:00,2024-09-17,23,13.9,73.1,0.0,717.0,0
409,2024-09-18 00:00:00,2024-09-18,0,12.6,81.1,126.0,789.3,0
410,2024-09-18 01:00:00,2024-09-18,1,14.4,73.8,1906.0,678.7,0
411,2024-09-18 02:00:00,2024-09-18,2,24.4,50.9,0.0,749.3,1
412,2024-09-18 03:00:00,2024-09-18,3,15.0,67.2,1624.0,746.2,0
413,2024-09-18 04:00:00,2024-09-18,4,18.9,71.2,0.0,697.0,0
414,2024-09-18 05:00:00,2024-09-18,5,17.5,65.3,508.0,685.9,0
415,2024-09-18 06:00:00,2024-09-18,6,23.8,62.5,0.0,604.0,0
416,2024-09-18 07:00:00,2024-09-18,7,24.4,61.7,5916.0,571.1,0
417,2024-09-18 08:00:00,2024-09-18,8,24.3,62.7,14903.0,538.5,0
418,2024-09-18 09:00:00,2024-09-18,9,26.6,62.6,20477.0,480.1,0
419,2024-09-18 10:00:00,2024-09-18,10,29.0,54.1,24562.0,526.4,0
420,2024-09-18 11:00:00,2024-09-18,11,16.3,38.4,30566.0,448.5,1
421,2024-09-18 12:00:00,2024-09-18,12,27.3,53.2,31781.0,467.3,0
422,2024-09-18 13:00:00,2024-09-18,13,29.3,52.0,30375.0,467.7,0
423,2024-09-18 14:00:00,2024-09-18,14,25.3,61.8,25023.0,444.2,0
424,2024-09-18 15:00:00,2024-09-18,15,28.8,61.0,22580.0,453.0,0
425,2024-09-18 16:00:00,2024-09-18,16,25.0,60.7,11448.0,537.3,0
426,2024-09-18 17:00:00,2024-09-18,17,21.4,68.0,6506.0,607.2,0
427,2024-09-18 18:00:00,2024-09-18,18,20.8,56.5,0.0,637.1,0
428,2024-09-18 19:00:00,2024-09-18,19,19.8,70.1,2235.0,682.3,0
429,2024-09-18 20:00:00,2024-09-18,20,17.0,71.3,0.0,646.3,0
430,2024-09-18 21:00:00,2024-09-18,21,16.0,68.3,0.0,678.3,0
431,2024-09-18 22:00:00,2024-09-18,22,11.9,69.0,0.0,710.4,0
432,2024-09-18 23:00:00,2024-09-18,23,12.5,69.6,415.0,747.0,0
433,2024-09-19 00:00:00,2024-09-19,0,12.8,73.6,3347.0,790.2,0
434,2024-09-19 01:00:00,2024-09-19,1,15.1,68.9,1638.0,791.0,0
435,2024-09-19 02:00:00,2024-09-19,2,16.2,75.0,1103.0,740.1,0
436,2024-09-19 03:00:00,2024-09-19,3,17.6,77.9,0.0,704.8,0
437,2024-09-19 04:00:00,2024-09-19,4,18.5,69.7,2249.0,665.0,0
438,2024-09-19 05:00:00,2024-09-19,5,19.5,66.7,451.0,627.7,0
439,2024-09-19 06:00:00,2024-09-19,6,21.0,57.0,3499.0,641.4,0
440,2024-09-19 07:00:00,2024-09-19,7,13.0,43.7,8353.0,554.1,1
441,2024-09-19 08:00:00,2024-09-19,8,24.6,55.6,18410.0,516.0,0
442,2024-09-19 09:00:00,2024-09-19,9,27.9,60.2,18412.0,500.1,0
443,2024-09-19 10:00:00,2024-09-19,10,28.8,64.9,25611.0,451.5,0
444,2024-09-19 11:00:00,2024-09-19,11,26.8,56.8,30598.0,447.0,0
445,2024-09-19 12:00:00,2024-09-19,12,32.9,51.2,31661.0,419.5,0
446,2024-09-19 13:00:00,2024-09-19,13,45.2,56.3,28020.0,401.9,1
447,2024-09-19 14:00:00,2024-09-19,14,26.1,64.5,25034.0,469.2,0
448,2024-09-19 15:00:00,2024-09-19,15,28.4,57.1,21298.0,463.8,0
449,2024-09-19 16:00:00,2024-09-19,16,36.9,84.8,14582.0,563.0,1
450,2024-09-19 17:00:00,2024-09-19,17,26.5,52.5,9480.0,535.2,0
451,2024-09-19 18:00:00,2024-09-19,18,20.9,67.8,1123.0,618.2,0
452,2024-09-19 19:00:00,2024-09-19,19,18.2,63.8,1276.0,630.2,0
453,2024-09-19 20:00:00,2024-09-19,20,18.1,59.2,569.0,681.5,0
454,2024-09-19 21:00:00,2024-09-19,21,15.7,71.9,0.0,651.0,0
455,2024-09-19 22:00:00,2024-09-19,22,14.4,61.6,3190.0,715.9,0
456,2024-09-19 23:00:00,2024-09-19,23,12.9,79.5,0.0,761.4,0
457,2024-09-20 00:00:00,2024-09-20,0,15.4,84.2,0.0,739.9,0
458,2024-09-20 01:00:00,2024-09-20,1,12.7,70.2,2398.0,721.2,0
459,2024-09-20 02:00:00,2024-09-20,2,17.0,71.1,762.0,753.6,0
460,2024-09-20 03:00:00,2024-09-20,3,0.1,66.8,4473.0,747.6,1
461,2024-09-20 04:00:00,2024-09-20,4,18.1,65.4,0.0,651.3,0
462,2024-09-20 05:00:00,2024-09-20,5,18.9,61.2,0.0,644.1,0
463,2024-09-20 06:00:00,2024-09-20,6,21.6,61.2,4057.0,628.8,0
464,2024-09-20 07:00:00,2024-09-20,7,25.6,63.1,8487.0,571.3,0
465,2024-09-20 08:00:00,2024-09-20,8,25.3,67.2,15667.0,516.1,0
466,2024-09-20 09:00:00,2024-09-20,9,27.1,54.4,20662.0,522.2,0
467,2024-09-20 10:00:00,2024-09-20,10,28.9,53.5,25593.0,450.2,0
468,2024-09-20 11:00:00,2024-09-20,11,27.8,51.9,26469.0,411.0,0
469,2024-09-20 12:00:00,2024-09-20,12,17.3,53.6,32579.0,479.0,1
470,2024-09-20 13:00:00,2024-09-20,13,29.9,56.9,31870.0,413.4,0
471,2024-09-20 14:00:00,2024-09-20,14,28.8,53.4,28852.0,403.8,0
472,2024-09-20 15:00:00,2024-09-20,15,29.0,61.8,19611.0,539.1,0
473,2024-09-20 16:00:00,2024-09-20,16,24.0,58.2,16279.0,481.0,0
474,2024-09-20 17:00:00,2024-09-20,17,24.0,68.2,6178.0,593.0,0
475,2024-09-20 18:00:00,2024-09-20,18,23.7,56.2,779.0,563.1,0
476,2024-09-20 19:00:00,2024-09-20,19,21.0,71.9,4155.0,681.5,0
477,2024-09-20 20:00:00,2024-09-20,20,18.5,69.7,3102.0,610.0,0
478,2024-09-20 21:00:00,2024-09-20,21,14.8,75.7,2595.0,709.5,0
479,2024-09-20 22:00:00,2024-09-20,22,16.3,76.1,0.0,769.2,0
480,2024-09-20 23:00:00,2024-09-20,23,15.1,78.7,0.0,729.7,0
481,2024-09-21 00:00:00,2024-09-21,0,15.1,74.0,891.0,783.3,0
482,2024-09-21 01:00:00,2024-09-21,1,12.0,73.0,3453.0,748.0,0
483,2024-09-21 02:00:00,2024-09-21,2,15.2,71.7,1184.0,756.8,0
484,2024-09-21 03:00:00,2024-09-21,3,17.0,77.3,0.0,700.4,0
485,2024-09-21 04:00:00,2024-09-21,4,18.0,69.7,0.0,673.9,0
486,2024-09-21 05:00:00,2024-09-21,5,10.0,90.0,0.0,626.8,1
487,2024-09-21 06:00:00,2024-09-21,6,19.1,57.4,0.0,594.9,0
488,2024-09-21 07:00:00,2024-09-21,7,22.6,64.5,11068.0,617.4,0
489,2024-09-21 08:00:00,2024-09-21,8,27.8,52.5,13975.0,591.6,0
490,2024-09-21 09:00:00,2024-09-21,9,27.2,63.6,21226.0,515.4,0
491,2024-09-21 10:00:00,2024-09-21,10,30.1,54.6,24942.0,474.7,0
492,2024-09-21 11:00:00,2024-09-21,11,29.6,51.6,30478.0,473.1,0
493,2024-09-21 12:00:00,2024-09-21,12,29.9,52.3,31275.0,448.0,0
494,2024-09-21 13:00:00,2024-09-21,13,26.5,45.1,30157.0,463.1,0
495,2024-09-21 14:00:00,2024-09-21,14,29.0,61.2,26870.0,501.3,0
496,2024-09-21 15:00:00,2024-09-21,15,27.7,53.7,20454.0,499.3,0
497,2024-09-21 16:00:00,2024-09-21,16,23.7,63.2,16668.0,574.3,0
498,2024-09-21 17:00:00,2024-09-21,17,22.3,69.9,8260.0,567.0,0
499,2024-09-21 18:00:00,2024-09-21,18,22.8,59.9,3251.0,642.2,0
500,2024-09-21 19:00:00,2024-09-21,19,19.1,63.3,0.0,601.3,0
501,2024-09-21 20:00:00,2024-09-21,20,18.5,60.8,0.0,716.0,0
502,2024-09-21 21:00:00,2024-09-21,21,15.9,68.2,667.0,706.7,0
503,2024-09-21 22:00:00,2024-09-21,22,15.6,67.6,0.0,762.6,0
504,2024-09-21 23:00:00,2024-09-21,23,14.3,76.1,0.0,736.5,0
505,2024-09-22 00:00:00,2024-09-22,0,12.2,76.8,3024.0,746.5,0
506,2024-09-22 01:00:00,2024-09-22,1,13.8,79.8,0.0,750.6,0
507,2024-09-22 02:00:00,2024-09-22,2,13.1,71.1,1260.0,668.7,0
508,2024-09-22 03:00:00,2024-09-22,3,16.4,66.9,33.0,695.5,0
509,2024-09-22 04:00:00,2024-09-22,4,20.6,72.9,0.0,684.9,0
510,2024-09-22 05:00:00,2024-09-22,5,18.7,76.0,1851.0,639.8,0
511,2024-09-22 06:00:00,2024-09-22,6,24.4,65.4,2195.0,601.1,0
512,2024-09-22 07:00:00,2024-09-22,7,24.0,63.3,6425.0,549.1,0
513,2024-09-22 08:00:00,2024-09-22,8,25.7,65.9,16694.0,519.1,0
514,2024-09-22 09:00:00,2024-09-22,9,24.4,62.6,19827.0,518.0,0
515,2024-09-22 10:00:00,2024-09-22,10,30.6,52.0,22276.0,495.2,0
516,2024-09-22 11:00:00,2024-09-22,11,29.7,47.0,34037.0,473.8,0
517,2024-09-22 12:00:00,2024-09-22,12,28.9,55.7,27361.0,431.8,0
518,2024-09-22 13:00:00,2024-09-22,13,28.6,50.7,29262.0,472.4,0
519,2024-09-22 14:00:00,2024-09-22,14,29.8,61.3,28725.0,488.3,0
520,2024-09-22 15:00:00,2024-09-22,15,27.2,61.0,20780.0,549.5,0
521,2024-09-22 16:00:00,2024-09-22,16,26.0,58.0,16403.0,491.2,0
522,2024-09-22 17:00:00,2024-09-22,17,24.3,57.9,9211.0,547.6,0
523,2024-09-22 18:00:00,2024-09-22,18,22.8,68.8,0.0,566.3,0
524,2024-09-22 19:00:00,2024-09-22,19,20.1,70.0,0.0,652.7,0
525,2024-09-22 20:00:00,2024-09-22,20,16.1,73.0,2255.0,680.4,0
526,2024-09-22 21:00:00,2024-09-22,21,14.0,66.8,0.0,753.0,0
527,2024-09-22 22:00:00,2024-09-22,22,12.4,70.4,0.0,699.8,0
528,2024-09-22 23:00:00,2024-09-22,23,16.6,80.0,0.0,717.4,0
529,2024-09-23 00:00:00,2024-09-23,0,10.6,75.5,0.0,769.5,0
530,2024-09-23 01:00:00,2024-09-23,1,11.0,77.6,2780.0,735.8,0
531,2024-09-23 02:00:00,2024-09-23,2,16.2,71.4,658.0,730.7,0
532,2024-09-23 03:00:00,2024-09-23,3,15.5,69.9,1595.0,676.5,0
533,2024-09-23 04:00:00,2024-09-23,4,19.1,69.5,0.0,700.6,0
534,2024-09-23 05:00:00,2024-09-23,5,19.5,75.0,0.0,656.1,0
535,2024-09-23 06:00:00,2024-09-23,6,23.8,61.5,0.0,568.1,0
536,2024-09-23 07:00:00,2024-09-23,7,24.1,62.8,9802.0,569.9,0
537,2024-09-23 08:00:00,2024-09-23,8,24.3,59.8,15639.0,528.9,0
538,2024-09-23 09:00:00,2024-09-23,9,29.2,67.0,18008.0,457.5,0
539,2024-09-23 10:00:00,2024-09-23,10,28.8,55.1,29774.0,476.7,0
540,2024-09-23 11:00:00,2024-09-23,11,30.8,51.8,27515.0,447.7,0
541,2024-09-23 12:00:00,2024-09-23,12,30.1,56.3,31774.0,495.4,0
542,2024-09-23 13:00:00,2024-09-23,13,30.0,57.2,29763.0,502.8,0
543,2024-09-23 14:00:00,2024-09-23,14,27.7,60.1,26027.0,456.1,0
544,2024-09-23 15:00:00,2024-09-23,15,25.9,59.0,22502.0,503.1,0
545,2024-09-23 16:00:00,2024-09-23,16,26.1,60.9,12631.0,530.9,0
546,2024-09-23 17:00:00,2024-09-23,17,24.1,66.6,7161.0,553.2,0
547,2024-09-23 18:00:00,2024-09-23,18,20.8,69.5,0.0,606.8,0
548,2024-09-23 19:00:00,2024-09-23,19,19.5,69.6,1529.0,601.6,0
549,2024-09-23 20:00:00,2024-09-23,20,16.8,66.2,3100.0,677.1,0
550,2024-09-23 21:00:00,2024-09-23,21,14.4,75.4,819.0,711.1,0
551,2024-09-23 22:00:00,2024-09-23,22,16.3,73.0,0.0,745.8,0
552,2024-09-23 23:00:00,2024-09-23,23,11.5,76.2,0.0,716.6,0
553,2024-09-24 00:00:00,2024-09-24,0,14.0,67.4,0.0,758.4,0
554,2024-09-24 01:00:00,2024-09-24,1,12.9,69.1,0.0,725.0,0
555,2024-09-24 02:00:00,2024-09-24,2,14.6,70.7,0.0,666.4,0
556,2024-09-24 03:00:00,2024-09-24,3,15.6,70.7,6.0,753.4,0
557,2024-09-24 04:00:00,2024-09-24,4,15.3,71.8,0.0,681.1,0
558,2024-09-24 05:00:00,2024-09-24,5,20.6,71.7,0.0,674.6,0
559,2024-09-24 06:00:00,2024-09-24,6,22.3,66.5,0.0,594.8,0
560,2024-09-24 07:00:00,2024-09-24,7,26.2,61.2,3089.0,520.2,0
561,2024-09-24 08:00:00,2024-09-24,8,25.7,46.5,15374.0,493.3,0
562,2024-09-24 09:00:00,2024-09-24,9,29.0,63.5,23380.0,476.9,0
563,2024-09-24 10:00:00,2024-09-24,10,28.0,55.2,27253.0,454.8,0
564,2024-09-24 11:00:00,2024-09-24,11,28.3,50.5,28661.0,454.3,0
565,2024-09-24 12:00:00,2024-09-24,12,38.2,30.9,28058.0,492.4,1
566,2024-09-24 13:00:00,2024-09-24,13,33.3,61.8,27858.0,466.6,0
567,2024-09-24 14:00:00,2024-09-24,14,28.5,52.2,25044.0,453.1,0
568,2024-09-24 15:00:00,2024-09-24,15,25.4,62.2,19349.0,457.3,0
569,2024-09-24 16:00:00,2024-09-24,16,27.1,64.6,18875.0,520.3,0
570,2024-09-24 17:00:00,2024-09-24,17,23.0,57.6,7964.0,587.1,0
571,2024-09-24 18:00:00,2024-09-24,18,20.4,63.8,773.0,588.4,0
572,2024-09-24 19:00:00,2024-09-24,19,18.9,71.3,0.0,606.0,0
573,2024-09-24 20:00:00,2024-09-24,20,19.2,71.7,0.0,685.7,0
574,2024-09-24 21:00:00,2024-09-24,21,16.4,70.2,0.0,708.2,0
575,2024-09-24 22:00:00,2024-09-24,22,14.9,71.3,0.0,730.3,0
576,2024-09-24 23:00:00,2024-09-24,23,14.2,82.7,0.0,789.8,0
577,2024-09-25 00:00:00,2024-09-25,0,14.0,85.5,0.0,751.1,0
578,2024-09-25 01:00:00,2024-09-25,1,15.1,86.8,0.0,695.0,0
579,2024-09-25 02:00:00,2024-09-25,2,16.8,76.8,921.0,769.2,0
580,2024-09-25 03:00:00,2024-09-25,3,30.5,70.7,0.0,695.7,1
581,2024-09-25 04:00:00,2024-09-25,4,16.4,73.8,2741.0,695.9,0
582,2024-09-25 05:00:00,2024-09-25,5,20.3,62.6,0.0,676.3,0
583,2024-09-25 06:00:00,2024-09-25,6,21.3,54.9,0.0,657.3,0
584,2024-09-25 07:00:00,2024-09-25,7,25.5,56.1,8134.0,589.3,0
585,2024-09-25 08:00:00,2024-09-25,8,23.4,65.3,14654.0,548.2,0
586,2024-09-25 09:00:00,2024-09-25,9,27.9,48.6,22420.0,502.9,0
587,2024-09-25 10:00:00,2024-09-25,10,29.4,57.1,24219.0,448.7,0
588,2024-09-25 11:00:00,2024-09-25,11,29.3,55.6,27169.0,490.3,0
589,2024-09-25 12:00:00,2024-09-25,12,28.6,53.1,30463.0,469.4,0
590,2024-09-25 13:00:00,2024-09-25,13,21.0,78.9,27145.0,495.8,1
591,2024-09-25 14:00:00,2024-09-25,14,29.8,70.2,26179.0,444.8,0
592,2024-09-25 15:00:00,2024-09-25,15,25.5,55.0,20647.0,475.4,0
593,2024-09-25 16:00:00,2024-09-25,16,25.9,61.4,17138.0,527.7,0
594,2024-09-25 17:00:00,2024-09-25,17,23.2,67.5,6129.0,512.2,0
595,2024-09-25 18:00:00,2024-09-25,18,20.8,63.0,0.0,609.8,0
596,2024-09-25 19:00:00,2024-09-25,19,21.4,71.7,0.0,671.3,0
597,2024-09-25 20:00:00,2024-09-25,20,17.3,61.3,2091.0,685.5,0
598,2024-09-25 21:00:00,2024-09-25,21,20.1,68.9,0.0,708.6,0
599,2024-09-25 22:00:00,2024-09-25,22,16.8,85.1,1315.0,691.8,0
600,2024-09-25 23:00:00,2024-09-25,23,17.2,74.6,0.0,712.5,0
601,2024-09-26 00:00:00,2024-09-26,0,14.5,81.4,0.0,791.0,0
602,2024-09-26 01:00:00,2024-09-26,1,15.2,70.1,0.0,769.2,0
603,2024-09-26 02:00:00,2024-09-26,2,14.5,72.9,1532.0,760.2,0
604,2024-09-26 03:00:00,2024-09-26,3,18.5,69.2,0.0,670.7,0
605,2024-09-26 04:00:00,2024-09-26,4,18.3,65.1,0.0,685.1,0
606,2024-09-26 05:00:00,2024-09-26,5,18.1,67.7,0.0,618.2,0
607,2024-09-26 06:00:00,2024-09-26,6,21.7,69.8,3167.0,566.5,0
608,2024-09-26 07:00:00,2024-09-26,7,24.3,65.0,12654.0,544.9,0
609,2024-09-26 08:00:00,2024-09-26,8,24.7,58.2,12765.0,514.2,0
610,2024-09-26 09:00:00,2024-09-26,9,27.8,54.5,23205.0,501.6,0
611,2024-09-26 10:00:00,2024-09-26,10,29.2,63.3,26229.0,446.3,0
612,2024-09-26 11:00:00,2024-09-26,11,28.6,53.1,28534.0,420.6,0
613,2024-09-26 12:00:00,2024-09-26,12,31.8,56.6,29908.0,425.1,0
614,2024-09-26 13:00:00,2024-09-26,13,28.7,59.8,30097.0,430.7,0
615,2024-09-26 14:00:00,2024-09-26,14,32.9,59.0,26354.0,484.3,0
616,2024-09-26 15:00:00,2024-09-26,15,26.8,62.2,20863.0,461.8,0
617,2024-09-26 16:00:00,2024-09-26,16,26.2,57.1,14531.0,549.2,0
618,2024-09-26 17:00:00,2024-09-26,17,24.6,68.5,10047.0,544.4,0
619,2024-09-26 18:00:00,2024-09-26,18,23.9,67.9,0.0,652.4,0
620,2024-09-26 19:00:00,2024-09-26,19,17.9,70.1,2206.0,696.9,0
621,2024-09-26 20:00:00,2024-09-26,20,20.1,72.8,0.0,679.0,0
622,2024-09-26 21:00:00,2024-09-26,21,14.5,71.0,0.0,689.6,0
623,2024-09-26 22:00:00,2024-09-26,22,15.5,61.2,0.0,719.7,0
624,2024-09-26 23:00:00,2024-09-26,23,13.2,74.7,253.0,722.9,0
625,2024-09-27 00:00:00,2024-09-27,0,14.9,75.3,4207.0,767.9,0
626,2024-09-27 01:00:00,2024-09-27,1,13.6,78.8,0.0,748.5,0
627,2024-09-27 02:00:00,2024-09-27,2,15.6,74.3,0.0,699.5,0
628,2024-09-27 03:00:00,2024-09-27,3,-0.3,80.9,0.0,696.4,1
629,2024-09-27 04:00:00,2024-09-27,4,18.8,70.3,0.0,644.4,0
630,2024-09-27 05:00:00,2024-09-27,5,18.1,70.1,0.0,645.2,0
631,2024-09-27 06:00:00,2024-09-27,6,25.1,60.0,1980.0,612.7,0
632,2024-09-27 07:00:00,2024-09-27,7,12.6,61.5,9118.0,604.5,1
633,2024-09-27 08:00:00,2024-09-27,8,27.9,55.6,18424.0,472.6,0
634,2024-09-27 09:00:00,2024-09-27,9,26.5,60.1,23772.0,427.4,0
635,2024-09-27 10:00:00,2024-09-27,10,27.5,64.5,24817.0,434.9,0
636,2024-09-27 11:00:00,2024-09-27,11,27.0,50.1,31973.0,510.8,0
637,2024-09-27 12:00:00,2024-09-27,12,48.2,63.0,31358.0,425.6,1
638,2024-09-27 13:00:00,2024-09-27,13,28.9,55.2,26893.0,491.9,0
639,2024-09-27 14:00:00,2024-09-27,14,29.1,49.3,25639.0,438.2,0
640,2024-09-27 15:00:00,2024-09-27,15,28.0,56.1,20103.0,464.7,0
641,2024-09-27 16:00:00,2024-09-27,16,25.6,59.0,13642.0,515.7,0
642,2024-09-27 17:00:00,2024-09-27,17,22.8,69.3,7039.0,544.6,0
643,2024-09-27 18:00:00,2024-09-27,18,20.5,64.9,0.0,624.5,0
644,2024-09-27 19:00:00,2024-09-27,19,17.7,71.8,0.0,603.7,0
645,2024-09-27 20:00:00,2024-09-27,20,17.3,76.4,4024.0,633.9,0
646,2024-09-27 21:00:00,2024-09-27,21,15.8,74.1,1832.0,728.5,0
647,2024-09-27 22:00:00,2024-09-27,22,12.7,81.1,0.0,753.5,0
648,2024-09-27 23:00:00,2024-09-27,23,15.3,65.0,1979.0,782.7,0
649,2024-09-28 00:00:00,2024-09-28,0,12.9,78.4,695.0,722.4,0
650,2024-09-28 01:00:00,2024-09-28,1,13.8,67.8,1398.0,737.6,0
651,2024-09-28 02:00:00,2024-09-28,2,15.9,74.7,2426.0,744.3,0
652,2024-09-28 03:00:00,2024-09-28,3,17.7,70.7,0.0,700.9,0
653,2024-09-28 04:00:00,2024-09-28,4,21.0,64.8,0.0,716.5,0
654,2024-09-28 05:00:00,2024-09-28,5,21.6,60.5,1643.0,640.2,0
655,2024-09-28 06:00:00,2024-09-28,6,21.2,70.3,0.0,612.3,0
656,2024-09-28 07:00:00,2024-09-28,7,23.8,64.7,7046.0,636.3,0
657,2024-09-28 08:00:00,2024-09-28,8,26.6,62.0,15873.0,517.8,0
658,2024-09-28 09:00:00,2024-09-28,9,27.2,57.2,18934.0,515.5,0
659,2024-09-28 10:00:00,2024-09-28,10,29.0,55.7,26480.0,453.1,0
660,2024-09-28 11:00:00,2024-09-28,11,29.2,58.8,30240.0,472.8,0
661,2024-09-28 12:00:00,2024-09-28,12,30.4,51.7,32948.0,489.9,0
662,2024-09-28 13:00:00,2024-09-28,13,30.6,60.2,26531.0,505.9,0
663,2024-09-28 14:00:00,2024-09-28,14,31.2,55.8,25680.0,490.1,0
664,2024-09-28 15:00:00,2024-09-28,15,26.6,55.8,18108.0,520.9,0
665,2024-09-28 16:00:00,2024-09-28,16,27.5,58.1,16518.0,493.9,0
666,2024-09-28 17:00:00,2024-09-28,17,24.0,63.1,5191.0,564.4,0
667,2024-09-28 18:00:00,2024-09-28,18,21.1,64.4,0.0,527.6,0
668,2024-09-28 19:00:00,2024-09-28,19,16.6,78.3,2483.0,628.4,0
669,2024-09-28 20:00:00,2024-09-28,20,16.8,72.0,405.0,691.3,0
670,2024-09-28 21:00:00,2024-09-28,21,15.7,75.5,0.0,785.5,0
671,2024-09-28 22:00:00,2024-09-28,22,16.2,88.1,1655.0,713.1,0
672,2024-09-28 23:00:00,2024-09-28,23,14.9,77.8,1523.0,715.1,0
673,2024-09-29 00:00:00,2024-09-29,0,14.3,73.9,0.0,773.3,0
674,2024-09-29 01:00:00,2024-09-29,1,14.0,72.8,0.0,772.9,0
675,2024-09-29 02:00:00,2024-09-29,2,17.7,72.0,1921.0,747.0,0
676,2024-09-29 03:00:00,2024-09-29,3,16.4,72.2,0.0,707.3,0
677,2024-09-29 04:00:00,2024-09-29,4,15.6,72.4,673.0,682.4,0
678,2024-09-29 05:00:00,2024-09-29,5,20.5,59.0,0.0,664.5,0
679,2024-09-29 06:00:00,2024-09-29,6,20.1,65.8,0.0,596.7,0
680,2024-09-29 07:00:00,2024-09-29,7,24.8,62.2,8990.0,585.0,0
681,2024-09-29 08:00:00,2024-09-29,8,28.1,55.1,16818.0,538.8,0
682,2024-09-29 09:00:00,2024-09-29,9,26.4,51.9,24633.0,488.9,0
683,2024-09-29 10:00:00,2024-09-29,10,26.9,55.9,25298.0,470.1,0
684,2024-09-29 11:00:00,2024-09-29,11,30.0,67.8,28301.0,502.5,0
685,2024-09-29 12:00:00,2024-09-29,12,29.8,48.2,30956.0,480.6,0
686,2024-09-29 13:00:00,2024-09-29,13,29.5,50.6,27711.0,475.0,0
687,2024-09-29 14:00:00,2024-09-29,14,28.1,52.2,27575.0,483.6,0
688,2024-09-29 15:00:00,2024-09-29,15,29.8,58.0,25974.0,498.8,0
689,2024-09-29 16:00:00,2024-09-29,16,27.1,66.5,13432.0,588.0,0
690,2024-09-29 17:00:00,2024-09-29,17,25.0,66.9,11545.0,581.6,0
691,2024-09-29 18:00:00,2024-09-29,18,23.0,69.6,0.0,609.5,0
692,2024-09-29 19:00:00,2024-09-29,19,21.3,77.2,276.0,659.6,0
693,2024-09-29 20:00:00,2024-09-29,20,16.8,73.1,0.0,606.0,0
694,2024-09-29 21:00:00,2024-09-29,21,14.5,70.2,0.0,701.6,0
695,2024-09-29 22:00:00,2024-09-29,22,14.0,80.4,0.0,736.6,0
696,2024-09-29 23:00:00,2024-09-29,23,13.9,80.1,1441.0,727.3,0
697,2024-09-30 00:00:00,2024-09-30,0,17.0,83.1,0.0,774.0,0
698,2024-09-30 01:00:00,2024-09-30,1,13.1,80.0,0.0,757.8,0
699,2024-09-30 02:00:00,2024-09-30,2,15.3,72.8,3343.0,782.7,0
700,2024-09-30 03:00:00,2024-09-30,3,14.3,72.0,3907.0,702.2,0
701,2024-09-30 04:00:00,2024-09-30,4,17.6,72.3,212.0,699.7,0
702,2024-09-30 05:00:00,2024-09-30,5,21.8,62.9,1013.0,652.3,0
703,2024-09-30 06:00:00,2024-09-30,6,19.7,70.2,0.0,601.7,0
704,2024-09-30 07:00:00,2024-09-30,7,26.3,53.4,12282.0,540.8,0
705,2024-09-30 08:00:00,2024-09-30,8,40.7,58.8,14198.0,600.7,1
706,2024-09-30 09:00:00,2024-09-30,9,26.5,45.0,21333.0,522.4,0
707,2024-09-30 10:00:00,2024-09-30,10,27.6,55.6,27486.0,434.5,0
708,2024-09-30 11:00:00,2024-09-30,11,30.6,51.7,32015.0,474.9,0
709,2024-09-30 12:00:00,2024-09-30,12,27.4,59.3,28857.0,455.9,0
710,2024-09-30 13:00:00,2024-09-30,13,31.4,52.6,25687.0,500.3,0
711,2024-09-30 14:00:00,2024-09-30,14,30.4,54.5,26175.0,465.8,0
712,2024-09-30 15:00:00,2024-09-30,15,26.1,56.7,21842.0,549.1,0
713,2024-09-30 16:00:00,2024-09-30,16,27.2,50.6,15821.0,551.4,0
714,2024-09-30 17:00:00,2024-09-30,17,24.8,63.3,4386.0,567.0,0
715,2024-09-30 18:00:00,2024-09-30,18,21.7,61.5,4970.0,637.6,0
716,2024-09-30 19:00:00,2024-09-30,19,22.3,60.1,154.0,642.5,0
717,2024-09-30 20:00:00,2024-09-30,20,19.9,77.5,0.0,750.0,0
718,2024-09-30 21:00:00,2024-09-30,21,14.4,72.5,0.0,721.3,0
719,2024-09-30 22:00:00,2024-09-30,22,14.1,83.3,887.0,678.8,0
720,2024-09-30 23:00:00,2024-09-30,23,14.5,78.8,2366.0,719.1,0
721,2024-10-01 00:00:00,2024-10-01,0,15.2,73.8,59.0,741.9,0
722,2024-10-01 01:00:00,2024-10-01,1,18.1,76.5,0.0,697.0,0
723,2024-10-01 02:00:00,2024-10-01,2,14.3,70.6,3151.0,730.8,0
724,2024-10-01 03:00:00,2024-10-01,3,18.4,71.0,0.0,658.6,0
725,2024-10-01 04:00:00,2024-10-01,4,20.8,79.2,0.0,641.3,0
726,2024-10-01 05:00:00,2024-10-01,5,20.5,66.0,561.0,669.3,0
727,2024-10-01 06:00:00,2024-10-01,6,21.2,75.7,3242.0,596.6,0
728,2024-10-01 07:00:00,2024-10-01,7,25.6,62.3,9618.0,627.3,0
729,2024-10-01 08:00:00,2024-10-01,8,41.5,65.7,13119.0,526.0,1
730,2024-10-01 09:00:00,2024-10-01,9,29.6,58.4,23347.0,484.3,0
731,2024-10-01 10:00:00,2024-10-01,10,30.3,59.5,26251.0,433.3,0
732,2024-10-01 11:00:00,2024-10-01,11,28.6,49.6,28811.0,491.5,0
733,2024-10-01 12:00:00,2024-10-01,12,31.6,47.7,29234.0,418.8,0
734,2024-10-01 13:00:00,2024-10-01,13,27.6,53.7,31317.0,449.3,0
735,2024-10-01 14:00:00,2024-10-01,14,29.8,58.5,22956.0,443.1,0
736,2024-10-01 15:00:00,2024-10-01,15,30.5,51.8,19395.0,502.7,0
737,2024-10-01 16:00:00,2024-10-01,16,25.3,45.5,18869.0,492.8,0
738,2024-10-01 17:00:00,2024-10-01,17,23.0,54.3,6282.0,541.8,0
739,2024-10-01 18:00:00,2024-10-01,18,22.1,63.1,0.0,584.3,0
740,2024-10-01 19:00:00,2024-10-01,19,20.9,70.9,4122.0,656.0,0
741,2024-10-01 20:00:00,2024-10-01,20,16.6,69.8,0.0,645.1,0
742,2024-10-01 21:00:00,2024-10-01,21,15.3,65.0,0.0,716.2,0
743,2024-10-01 22:00:00,2024-10-01,22,18.0,77.6,1272.0,681.2,0
744,2024-10-01 23:00:00,2024-10-01,23,15.0,72.9,3324.0,746.5,0
745,2024-10-02 00:00:00,2024-10-02,0,14.1,80.7,1111.0,685.3,0
746,2024-10-02 01:00:00,2024-10-02,1,14.4,76.3,3238.0,740.3,0
747,2024-10-02 02:00:00,2024-10-02,2,16.3,75.6,0.0,716.5,0
748,2024-10-02 03:00:00,2024-10-02,3,15.4,63.9,2489.0,706.4,0
749,2024-10-02 04:00:00,2024-10-02,4,28.4,83.4,0.0,654.9,1
750,2024-10-02 05:00:00,2024-10-02,5,19.7,66.8,0.0,628.9,0
751,2024-10-02 06:00:00,2024-10-02,6,20.7,65.3,222.0,611.3,0
752,2024-10-02 07:00:00,2024-10-02,7,23.9,56.0,7622.0,582.9,0
753,2024-10-02 08:00:00,2024-10-02,8,26.7,55.5,17784.0,534.8,0
754,2024-10-02 09:00:00,2024-10-02,9,29.3,58.0,21081.0,538.8,0
755,2024-10-02 10:00:00,2024-10-02,10,30.7,56.9,25581.0,418.9,0
756,2024-10-02 11:00:00,2024-10-02,11,30.9,59.6,31444.0,465.2,0
757,2024-10-02 12:00:00,2024-10-02,12,29.1,61.7,33647.0,442.9,0
758,2024-10-02 13:00:00,2024-10-02,13,31.7,52.4,30156.0,460.2,0
759,2024-10-02 14:00:00,2024-10-02,14,30.1,57.1,29838.0,480.6,0
760,2024-10-02 15:00:00,2024-10-02,15,28.6,56.4,20178.0,485.0,0
761,2024-10-02 16:00:00,2024-10-02,16,10.0,61.9,15622.0,535.4,1
762,2024-10-02 17:00:00,2024-10-02,17,23.1,52.9,7595.0,606.5,0
763,2024-10-02 18:00:00,2024-10-02,18,23.9,62.3,0.0,578.4,0
764,2024-10-02 19:00:00,2024-10-02,19,15.9,70.5,144.0,653.0,0
765,2024-10-02 20:00:00,2024-10-02,20,19.9,71.0,3263.0,693.7,0
766,2024-10-02 21:00:00,2024-10-02,21,13.3,67.6,0.0,722.5,0
767,2024-10-02 22:00:00,2024-10-02,22,14.3,67.4,0.0,712.0,0
768,2024-10-02 23:00:00,2024-10-02,23,16.0,70.2,0.0,708.3,0
769,2024-10-03 00:00:00,2024-10-03,0,12.9,72.1,0.0,686.3,0
770,2024-10-03 01:00:00,2024-10-03,1,15.8,69.1,1520.0,790.8,0
771,2024-10-03 02:00:00,2024-10-03,2,15.7,70.4,0.0,750.4,0
772,2024-10-03 03:00:00,2024-10-03,3,16.5,78.1,0.0,695.8,0
773,2024-10-03 04:00:00,2024-10-03,4,17.5,64.4,1629.0,740.6,0
774,2024-10-03 05:00:00,2024-10-03,5,19.2,64.2,3300.0,617.3,0
775,2024-10-03 06:00:00,2024-10-03,6,22.8,64.7,0.0,573.2,0
776,2024-10-03 07:00:00,2024-10-03,7,24.6,62.9,10554.0,529.8,0
777,2024-10-03 08:00:00,2024-10-03,8,23.8,55.4,17093.0,547.8,0
778,2024-10-03 09:00:00,2024-10-03,9,27.3,49.0,23077.0,526.8,0
779,2024-10-03 10:00:00,2024-10-03,10,30.9,64.4,26825.0,516.8,0
780,2024-10-03 11:00:00,2024-10-03,11,31.4,46.3,29318.0,483.8,0
781,2024-10-03 12:00:00,2024-10-03,12,27.4,54.6,30035.0,409.7,0
782,2024-10-03 13:00:00,2024-10-03,13,28.4,54.8,27772.0,464.6,0
783,2024-10-03 14:00:00,2024-10-03,14,28.7,57.8,28051.0,483.5,0
784,2024-10-03 15:00:00,2024-10-03,15,30.6,45.5,21407.0,484.2,0
785,2024-10-03 16:00:00,2024-10-03,16,27.0,51.0,15807.0,501.8,0
786,2024-10-03 17:00:00,2024-10-03,17,24.5,67.7,5826.0,558.8,0
787,2024-10-03 18:00:00,2024-10-03,18,23.0,70.5,0.0,581.5,0
788,2024-10-03 19:00:00,2024-10-03,19,22.0,69.4,0.0,649.0,0
789,2024-10-03 20:00:00,2024-10-03,20,31.3,76.1,642.0,670.1,1
790,2024-10-03 21:00:00,2024-10-03,21,14.1,66.8,1505.0,716.8,0
791,2024-10-03 22:00:00,2024-10-03,22,16.7,69.8,1050.0,774.8,0
792,2024-10-03 23:00:00,2024-10-03,23,14.8,71.3,538.0,752.2,0
793,2024-10-04 00:00:00,2024-10-04,0,15.4,74.2,1280.0,742.5,0
794,2024-10-04 01:00:00,2024-10-04,1,15.5,78.3,0.0,778.0,0
795,2024-10-04 02:00:00,2024-10-04,2,14.4,75.2,0.0,741.0,0
796,2024-10-04 03:00:00,2024-10-04,3,20.9,72.3,0.0,645.5,0
797,2024-10-04 04:00:00,2024-10-04,4,19.5,63.3,4928.0,684.8,0
798,2024-10-04 05:00:00,2024-10-04,5,23.0,71.5,1658.0,666.5,0
799,2024-10-04 06:00:00,2024-10-04,6,23.3,64.4,0.0,592.0,0
800,2024-10-04 07:00:00,2024-10-04,7,21.8,64.1,4502.0,549.1,0
801,2024-10-04 08:00:00,2024-10-04,8,27.4,61.6,12761.0,554.4,0
802,2024-10-04 09:00:00,2024-10-04,9,29.0,64.7,21263.0,469.4,0
803,2024-10-04 10:00:00,2024-10-04,10,26.9,61.0,28116.0,486.7,0
804,2024-10-04 11:00:00,2024-10-04,11,30.0,56.4,28882.0,445.0,0
805,2024-10-04 12:00:00,2024-10-04,12,31.4,51.8,28599.0,470.4,0
806,2024-10-04 13:00:00,2024-10-04,13,29.6,55.3,27631.0,435.9,0
807,2024-10-04 14:00:00,2024-10-04,14,29.6,60.9,28032.0,456.3,0
808,2024-10-04 15:00:00,2024-10-04,15,27.8,64.2,22321.0,483.4,0
809,2024-10-04 16:00:00,2024-10-04,16,27.1,53.7,15495.0,480.0,0
810,2024-10-04 17:00:00,2024-10-04,17,20.5,71.4,9434.0,506.0,0
811,2024-10-04 18:00:00,2024-10-04,18,22.1,60.4,3373.0,589.7,0
812,2024-10-04 19:00:00,2024-10-04,19,20.1,66.4,0.0,619.9,0
813,2024-10-04 20:00:00,2024-10-04,20,18.0,63.8,0.0,676.0,0
814,2024-10-04 21:00:00,2024-10-04,21,19.7,70.3,0.0,695.6,0
815,2024-10-04 22:00:00,2024-10-04,22,16.2,71.7,0.0,769.3,0
816,2024-10-04 23:00:00,2024-10-04,23,14.9,70.8,0.0,717.5,0
817,2024-10-05 00:00:00,2024-10-05,0,25.4,88.3,2125.0,747.8,1
818,2024-10-05 01:00:00,2024-10-05,1,12.7,69.2,1295.0,776.2,0
819,2024-10-05 02:00:00,2024-10-05,2,15.3,74.6,198.0,713.0,0
820,2024-10-05 03:00:00,2024-10-05,3,16.6,68.3,0.0,728.7,0
821,2024-10-05 04:00:00,2024-10-05,4,17.7,69.1,321.0,726.9,0
822,2024-10-05 05:00:00,2024-10-05,5,19.4,63.5,0.0,614.4,0
823,2024-10-05 06:00:00,2024-10-05,6,23.3,66.4,2525.0,626.3,0
824,2024-10-05 07:00:00,2024-10-05,7,24.3,52.7,8082.0,542.4,0
825,2024-10-05 08:00:00,2024-10-05,8,26.5,68.3,15450.0,494.5,0
826,2024-10-05 09:00:00,2024-10-05,9,29.6,59.7,18943.0,445.7,0
827,2024-10-05 10:00:00,2024-10-05,10,27.9,60.5,25378.0,472.5,0
828,2024-10-05 11:00:00,2024-10-05,11,27.2,52.1,29815.0,421.4,0
829,2024-10-05 12:00:00,2024-10-05,12,16.4,50.7,27548.0,488.6,1
830,2024-10-05 13:00:00,2024-10-05,13,28.4,66.7,28499.0,455.4,0
831,2024-10-05 14:00:00,2024-10-05,14,31.9,54.3,27324.0,452.9,0
832,2024-10-05 15:00:00,2024-10-05,15,29.1,51.3,20599.0,530.0,0
833,2024-10-05 16:00:00,2024-10-05,16,25.6,69.7,12106.0,523.2,0
834,2024-10-05 17:00:00,2024-10-05,17,24.5,63.3,13302.0,543.4,0
835,2024-10-05 18:00:00,2024-10-05,18,25.1,63.0,0.0,679.1,0
836,2024-10-05 19:00:00,2024-10-05,19,20.8,66.7,734.0,634.8,0
837,2024-10-05 20:00:00,2024-10-05,20,16.9,70.6,0.0,667.6,0
838,2024-10-05 21:00:00,2024-10-05,21,15.8,75.5,0.0,671.3,0
839,2024-10-05 22:00:00,2024-10-05,22,16.4,60.5,0.0,758.6,0
840,2024-10-05 23:00:00,2024-10-05,23,12.8,78.3,1863.0,766.8,0
841,2024-10-06 00:00:00,2024-10-06,0,12.8,71.1,1795.0,783.9,0
842,2024-10-06 01:00:00,2024-10-06,1,28.8,66.6,0.0,707.5,1
843,2024-10-06 02:00:00,2024-10-06,2,15.2,79.0,623.0,703.3,0
844,2024-10-06 03:00:00,2024-10-06,3,16.7,72.4,0.0,706.8,0
845,2024-10-06 04:00:00,2024-10-06,4,16.9,76.4,1208.0,658.6,0
846,2024-10-06 05:00:00,2024-10-06,5,17.5,73.0,459.0,637.4,0
847,2024-10-06 06:00:00,2024-10-06,6,23.8,59.8,0.0,631.6,0
848,2024-10-06 07:00:00,2024-10-06,7,25.9,65.3,6139.0,572.1,0
849,2024-10-06 08:00:00,2024-10-06,8,28.0,57.3,17264.0,528.4,0
850,2024-10-06 09:00:00,2024-10-06,9,28.5,54.6,22162.0,537.9,0
851,2024-10-06 10:00:00,2024-10-06,10,29.9,51.8,27234.0,482.1,0
852,2024-10-06 11:00:00,2024-10-06,11,29.4,59.2,28722.0,457.5,0
853,2024-10-06 12:00:00,2024-10-06,12,30.6,54.4,28818.0,458.6,0
854,2024-10-06 13:00:00,2024-10-06,13,31.3,58.4,26363.0,400.2,0
855,2024-10-06 14:00:00,2024-10-06,14,27.9,55.7,28289.0,465.5,0
856,2024-10-06 15:00:00,2024-10-06,15,28.0,51.0,18463.0,453.5,0
857,2024-10-06 16:00:00,2024-10-06,16,25.6,65.5,13864.0,557.3,0
858,2024-10-06 17:00:00,2024-10-06,17,25.6,63.1,8561.0,567.6,0
859,2024-10-06 18:00:00,2024-10-06,18,26.4,71.2,439.0,590.7,0
860,2024-10-06 19:00:00,2024-10-06,19,21.4,62.5,0.0,658.9,0
861,2024-10-06 20:00:00,2024-10-06,20,16.7,76.0,0.0,657.4,0
862,2024-10-06 21:00:00,2024-10-06,21,16.4,73.0,0.0,728.1,0
863,2024-10-06 22:00:00,2024-10-06,22,15.8,73.9,316.0,753.6,0
864,2024-10-06 23:00:00,2024-10-06,23,13.3,77.5,0.0,782.8,0
865,2024-10-07 00:00:00,2024-10-07,0,14.8,66.3,0.0,740.1,0
866,2024-10-07 01:00:00,2024-10-07,1,13.5,80.4,0.0,770.8,0
867,2024-10-07 02:00:00,2024-10-07,2,16.0,82.4,0.0,724.9,0
868,2024-10-07 03:00:00,2024-10-07,3,17.3,77.1,0.0,716.3,0
869,2024-10-07 04:00:00,2024-10-07,4,19.0,68.9,0.0,645.4,0
870,2024-10-07 05:00:00,2024-10-07,5,19.5,69.3,223.0,674.4,0
871,2024-10-07 06:00:00,2024-10-07,6,36.8,66.7,0.0,606.6,1
872,2024-10-07 07:00:00,2024-10-07,7,25.4,63.2,10128.0,631.5,0
873,2024-10-07 08:00:00,2024-10-07,8,27.9,64.7,15261.0,520.8,0
874,2024-10-07 09:00:00,2024-10-07,9,27.2,51.2,21061.0,443.4,0
875,2024-10-07 10:00:00,2024-10-07,10,29.7,53.7,32134.0,510.9,0
876,2024-10-07 11:00:00,2024-10-07,11,29.4,50.3,26298.0,468.1,0
877,2024-10-07 12:00:00,2024-10-07,12,29.5,59.8,31988.0,491.2,0
878,2024-10-07 13:00:00,2024-10-07,13,29.0,57.7,30243.0,440.9,0
879,2024-10-07 14:00:00,2024-10-07,14,28.3,64.4,26436.0,489.2,0
880,2024-10-07 15:00:00,2024-10-07,15,27.0,51.8,20074.0,490.2,0
881,2024-10-07 16:00:00,2024-10-07,16,24.0,54.4,16342.0,543.1,0
882,2024-10-07 17:00:00,2024-10-07,17,23.1,60.5,9054.0,589.0,0
883,2024-10-07 18:00:00,2024-10-07,18,23.0,60.9,0.0,639.8,0
884,2024-10-07 19:00:00,2024-10-07,19,18.6,68.6,2125.0,627.6,0
885,2024-10-07 20:00:00,2024-10-07,20,21.1,71.5,1175.0,717.4,0
886,2024-10-07 21:00:00,2024-10-07,21,6.2,93.3,0.0,701.8,1
887,2024-10-07 22:00:00,2024-10-07,22,18.9,78.1,1939.0,744.0,0
888,2024-10-07 23:00:00,2024-10-07,23,14.6,75.6,778.0,744.9,0
889,2024-10-08 00:00:00,2024-10-08,0,12.5,81.4,4411.0,786.0,0
890,2024-10-08 01:00:00,2024-10-08,1,16.4,72.6,978.0,731.2,0
891,2024-10-08 02:00:00,2024-10-08,2,14.3,77.0,2118.0,735.8,0
892,2024-10-08 03:00:00,2024-10-08,3,15.3,71.3,1046.0,702.2,0
893,2024-10-08 04:00:00,2024-10-08,4,18.1,74.2,444.0,662.6,0
894,2024-10-08 05:00:00,2024-10-08,5,19.5,53.4,0.0,678.1,0
895,2024-10-08 06:00:00,2024-10-08,6,23.3,53.8,0.0,634.2,0
896,2024-10-08 07:00:00,2024-10-08,7,23.3,57.6,8054.0,569.6,0
897,2024-10-08 08:00:00,2024-10-08,8,26.7,58.3,21029.0,543.8,0
898,2024-10-08 09:00:00,2024-10-08,9,27.0,45.9,21839.0,547.4,0
899,2024-10-08 10:00:00,2024-10-08,10,28.5,58.9,25636.0,429.3,0
900,2024-10-08 11:00:00,2024-10-08,11,32.4,61.8,28355.0,491.9,0
901,2024-10-08 12:00:00,2024-10-08,12,30.7,56.4,28889.0,450.7,0
902,2024-10-08 13:00:00,2024-10-08,13,30.4,57.8,30311.0,453.2,0
903,2024-10-08 14:00:00,2024-10-08,14,27.2,55.3,21038.0,419.8,0
904,2024-10-08 15:00:00,2024-10-08,15,28.3,51.6,22195.0,523.6,0
905,2024-10-08 16:00:00,2024-10-08,16,27.0,64.5,14062.0,525.9,0
906,2024-10-08 17:00:00,2024-10-08,17,26.1,72.7,6017.0,590.1,0
907,2024-10-08 18:00:00,2024-10-08,18,24.9,62.4,0.0,546.0,0
908,2024-10-08 19:00:00,2024-10-08,19,21.2,71.7,0.0,647.4,0
909,2024-10-08 20:00:00,2024-10-08,20,18.1,73.7,259.0,615.4,0
910,2024-10-08 21:00:00,2024-10-08,21,18.4,70.1,0.0,692.9,0
911,2024-10-08 22:00:00,2024-10-08,22,15.9,74.8,613.0,730.0,0
912,2024-10-08 23:00:00,2024-10-08,23,14.2,66.5,0.0,771.6,0
913,2024-10-09 00:00:00,2024-10-09,0,17.0,75.4,3485.0,811.6,0
914,2024-10-09 01:00:00,2024-10-09,1,12.3,75.8,173.0,732.2,0
915,2024-10-09 02:00:00,2024-10-09,2,14.6,73.5,2409.0,735.4,0
916,2024-10-09 03:00:00,2024-10-09,3,17.9,70.7,904.0,669.8,0
917,2024-10-09 04:00:00,2024-10-09,4,16.8,65.8,626.0,678.9,0
918,2024-10-09 05:00:00,2024-10-09,5,20.7,64.2,1412.0,674.5,0
919,2024-10-09 06:00:00,2024-10-09,6,22.7,69.0,151.0,569.3,0
920,2024-10-09 07:00:00,2024-10-09,7,28.2,60.7,9055.0,560.8,0
921,2024-10-09 08:00:00,2024-10-09,8,27.8,67.7,13530.0,475.3,0
922,2024-10-09 09:00:00,2024-10-09,9,27.8,53.2,19913.0,512.2,0
923,2024-10-09 10:00:00,2024-10-09,10,30.5,59.7,25307.0,474.2,0
924,2024-10-09 11:00:00,2024-10-09,11,30.5,62.5,30143.0,441.6,0
925,2024-10-09 12:00:00,2024-10-09,12,30.0,52.2,31264.0,431.3,0
926,2024-10-09 13:00:00,2024-10-09,13,29.8,60.6,29361.0,491.1,0
927,2024-10-09 14:00:00,2024-10-09,14,30.8,50.5,25776.0,499.8,0
928,2024-10-09 15:00:00,2024-10-09,15,28.3,49.2,21453.0,468.8,0
929,2024-10-09 16:00:00,2024-10-09,16,38.8,56.6,20102.0,544.5,1
930,2024-10-09 17:00:00,2024-10-09,17,25.7,60.6,11145.0,605.2,0
931,2024-10-09 18:00:00,2024-10-09,18,23.4,62.6,656.0,575.8,0
932,2024-10-09 19:00:00,2024-10-09,19,17.7,77.8,885.0,606.7,0
933,2024-10-09 20:00:00,2024-10-09,20,18.4,67.1,11.0,699.1,0
934,2024-10-09 21:00:00,2024-10-09,21,17.0,77.5,0.0,683.6,0
935,2024-10-09 22:00:00,2024-10-09,22,14.6,67.2,1099.0,702.6,0
936,2024-10-09 23:00:00,2024-10-09,23,16.1,73.6,0.0,772.1,0
937,2024-10-10 00:00:00,2024-10-10,0,14.9,67.6,0.0,744.7,0
938,2024-10-10 01:00:00,2024-10-10,1,14.0,77.6,394.0,721.7,0
939,2024-10-10 02:00:00,2024-10-10,2,18.9,75.6,0.0,784.5,0
940,2024-10-10 03:00:00,2024-10-10,3,20.3,73.8,1402.0,728.1,0
941,2024-10-10 04:00:00,2024-10-10,4,18.4,67.1,0.0,723.3,0
942,2024-10-10 05:00:00,2024-10-10,5,20.5,63.8,0.0,658.3,0
943,2024-10-10 06:00:00,2024-10-10,6,23.5,58.1,0.0,608.0,0
944,2024-10-10 07:00:00,2024-10-10,7,23.5,65.4,7434.0,589.4,0
945,2024-10-10 08:00:00,2024-10-10,8,24.5,50.5,16266.0,601.7,0
946,2024-10-10 09:00:00,2024-10-10,9,29.0,66.3,23480.0,478.4,0
947,2024-10-10 10:00:00,2024-10-10,10,29.0,55.3,25658.0,489.9,0
948,2024-10-10 11:00:00,2024-10-10,11,31.8,57.1,32857.0,493.7,0
949,2024-10-10 12:00:00,2024-10-10,12,31.2,57.6,30026.0,438.7,0
950,2024-10-10 13:00:00,2024-10-10,13,32.0,49.5,30188.0,437.4,0
951,2024-10-10 14:00:00,2024-10-10,14,28.2,51.4,29590.0,465.7,0
952,2024-10-10 15:00:00,2024-10-10,15,26.1,53.4,20250.0,451.8,0
953,2024-10-10 16:00:00,2024-10-10,16,25.4,55.9,13626.0,490.1,0
954,2024-10-10 17:00:00,2024-10-10,17,24.1,60.8,5741.0,585.5,0
955,2024-10-10 18:00:00,2024-10-10,18,24.8,66.8,71.0,589.7,0
956,2024-10-10 19:00:00,2024-10-10,19,18.9,66.2,2498.0,668.3,0
957,2024-10-10 20:00:00,2024-10-10,20,17.0,69.1,1456.0,694.9,0
958,2024-10-10 21:00:00,2024-10-10,21,17.9,73.8,3159.0,693.4,0
959,2024-10-10 22:00:00,2024-10-10,22,15.9,68.6,0.0,739.7,0
960,2024-10-10 23:00:00,2024-10-10,23,13.9,74.4,3235.0,791.7,0
961,2024-10-11 00:00:00,2024-10-11,0,18.1,83.2,4806.0,763.1,0
962,2024-10-11 01:00:00,2024-10-11,1,17.1,74.9,252.0,728.4,0
963,2024-10-11 02:00:00,2024-10-11,2,14.3,74.9,3022.0,665.9,0
964,2024-10-11 03:00:00,2024-10-11,3,19.2,69.6,0.0,749.0,0
965,2024-10-11 04:00:00,2024-10-11,4,19.2,66.7,0.0,649.3,0
966,2024-10-11 05:00:00,2024-10-11,5,23.5,73.4,1149.0,573.2,0
967,2024-10-11 06:00:00,2024-10-11,6,20.8,66.3,2103.0,617.1,0
968,2024-10-11 07:00:00,2024-10-11,7,25.9,62.7,10273.0,573.0,0
969,2024-10-11 08:00:00,2024-10-11,8,27.9,64.1,12867.0,526.5,0
970,2024-10-11 09:00:00,2024-10-11,9,27.9,63.1,22140.0,488.3,0
971,2024-10-11 10:00:00,2024-10-11,10,30.2,52.8,27313.0,420.8,0
972,2024-10-11 11:00:00,2024-10-11,11,30.6,63.8,30875.0,440.9,0
973,2024-10-11 12:00:00,2024-10-11,12,32.4,53.5,26046.0,414.5,0
974,2024-10-11 13:00:00,2024-10-11,13,30.5,50.4,26136.0,497.5,0
975,2024-10-11 14:00:00,2024-10-11,14,28.8,59.7,27269.0,443.2,0
976,2024-10-11 15:00:00,2024-10-11,15,27.7,54.5,24449.0,478.8,0
977,2024-10-11 16:00:00,2024-10-11,16,26.5,50.9,14880.0,484.9,0
978,2024-10-11 17:00:00,2024-10-11,17,26.6,63.0,12007.0,554.3,0
979,2024-10-11 18:00:00,2024-10-11,18,23.5,68.3,0.0,598.7,0
980,2024-10-11 19:00:00,2024-10-11,19,18.1,81.4,1672.0,651.4,0
981,2024-10-11 20:00:00,2024-10-11,20,17.8,76.2,1704.0,655.8,0
982,2024-10-11 21:00:00,2024-10-11,21,17.4,75.1,2737.0,686.7,0
983,2024-10-11 22:00:00,2024-10-11,22,15.6,74.6,4028.0,749.0,0
984,2024-10-11 23:00:00,2024-10-11,23,16.1,76.8,325.0,809.7,0
985,2024-10-12 00:00:00,2024-10-12,0,13.9,74.6,0.0,784.8,0
986,2024-10-12 01:00:00,2024-10-12,1,16.5,86.4,1299.0,734.2,0
987,2024-10-12 02:00:00,2024-10-12,2,16.4,72.7,0.0,703.0,0
988,2024-10-12 03:00:00,2024-10-12,3,14.7,68.6,336.0,635.6,0
989,2024-10-12 04:00:00,2024-10-12,4,21.4,66.4,0.0,668.8,0
990,2024-10-12 05:00:00,2024-10-12,5,22.2,69.6,0.0,623.2,0
991,2024-10-12 06:00:00,2024-10-12,6,23.4,60.9,3609.0,602.1,0
992,2024-10-12 07:00:00,2024-10-12,7,26.5,62.0,9749.0,550.2,0
993,2024-10-12 08:00:00,2024-10-12,8,25.5,62.4,14576.0,551.4,0
994,2024-10-12 09:00:00,2024-10-12,9,27.7,61.3,19049.0,542.4,0
995,2024-10-12 10:00:00,2024-10-12,10,12.4,50.5,23690.0,494.1,1
996,2024-10-12 11:00:00,2024-10-12,11,29.3,52.3,31215.0,455.5,0
997,2024-10-12 12:00:00,2024-10-12,12,32.8,51.3,32631.0,456.3,0
998,2024-10-12 13:00:00,2024-10-12,13,30.3,67.8,26866.0,444.5,0
999,2024-10-12 14:00:00,2024-10-12,14,32.3,64.7,28429.0,464.2,0
1000,2024-10-12 15:00:00,2024-10-12,15,31.5,60.3,20229.0,533.8,0
1001,2024-10-12 16:00:00,2024-10-12,16,26.6,63.2,14873.0,481.5,0
1002,2024-10-12 17:00:00,2024-10-12,17,24.8,66.3,5674.0,560.4,0
1003,2024-10-12 18:00:00,2024-10-12,18,22.9,68.5,2175.0,620.7,0
1004,2024-10-12 19:00:00,2024-10-12,19,20.7,64.9,0.0,627.6,0
1005,2024-10-12 20:00:00,2024-10-12,20,17.8,71.0,0.0,675.5,0
1006,2024-10-12 21:00:00,2024-10-12,21,19.6,74.0,2335.0,684.3,0
1007,2024-10-12 22:00:00,2024-10-12,22,17.7,81.4,0.0,722.3,0
1008,2024-10-12 23:00:00,2024-10-12,23,14.0,76.6,2250.0,692.6,0
1009,2024-10-13 00:00:00,2024-10-13,0,15.5,73.6,227.0,763.8,0
1010,2024-10-13 01:00:00,2024-10-13,1,14.8,79.5,838.0,751.5,0
1011,2024-10-13 02:00:00,2024-10-13,2,17.3,73.8,1319.0,782.9,0
1012,2024-10-13 03:00:00,2024-10-13,3,18.8,72.5,0.0,629.5,0
1013,2024-10-13 04:00:00,2024-10-13,4,19.5,69.2,0.0,621.6,0
1014,2024-10-13 05:00:00,2024-10-13,5,23.4,67.1,656.0,667.4,0
1015,2024-10-13 06:00:00,2024-10-13,6,21.8,69.3,303.0,609.0,0
1016,2024-10-13 07:00:00,2024-10-13,7,28.1,57.4,7085.0,568.1,0
1017,2024-10-13 08:00:00,2024-10-13,8,28.0,57.2,9334.0,565.8,0
1018,2024-10-13 09:00:00,2024-10-13,9,27.6,65.8,24109.0,522.1,0
1019,2024-10-13 10:00:00,2024-10-13,10,29.6,62.0,24229.0,445.9,0
1020,2024-10-13 11:00:00,2024-10-13,11,32.7,52.0,28868.0,427.4,0
1021,2024-10-13 12:00:00,2024-10-13,12,30.9,47.6,29025.0,406.9,0
1022,2024-10-13 13:00:00,2024-10-13,13,28.0,62.0,33973.0,456.5,0
1023,2024-10-13 14:00:00,2024-10-13,14,27.8,56.4,26340.0,510.5,0
1024,2024-10-13 15:00:00,2024-10-13,15,27.1,56.2,19199.0,495.4,0
1025,2024-10-13 16:00:00,2024-10-13,16,26.0,52.5,17510.0,510.1,0
1026,2024-10-13 17:00:00,2024-10-13,17,25.0,53.7,8428.0,529.8,0
1027,2024-10-13 18:00:00,2024-10-13,18,7.3,61.3,0.0,618.4,1
1028,2024-10-13 19:00:00,2024-10-13,19,19.6,72.4,0.0,664.2,0
1029,2024-10-13 20:00:00,2024-10-13,20,19.6,66.7,128.0,665.8,0
1030,2024-10-13 21:00:00,2024-10-13,21,17.2,68.6,0.0,710.1,0
1031,2024-10-13 22:00:00,2024-10-13,22,13.9,81.8,0.0,762.4,0
1032,2024-10-13 23:00:00,2024-10-13,23,16.9,70.5,0.0,687.8,0
1033,2024-10-14 00:00:00,2024-10-14,0,13.7,84.4,0.0,754.4,0
1034,2024-10-14 01:00:00,2024-10-14,1,17.1,75.2,152.0,763.6,0
1035,2024-10-14 02:00:00,2024-10-14,2,14.9,74.1,2189.0,783.4,0
1036,2024-10-14 03:00:00,2024-10-14,3,17.7,71.6,1029.0,741.7,0
1037,2024-10-14 04:00:00,2024-10-14,4,18.1,71.1,1740.0,645.3,0
1038,2024-10-14 05:00:00,2024-10-14,5,35.6,61.8,0.0,664.8,1
1039,2024-10-14 06:00:00,2024-10-14,6,21.8,74.9,0.0,685.0,0
1040,2024-10-14 07:00:00,2024-10-14,7,24.1,59.3,6195.0,579.2,0
1041,2024-10-14 08:00:00,2024-10-14,8,23.6,61.4,16698.0,486.8,0
1042,2024-10-14 09:00:00,2024-10-14,9,31.0,53.7,26845.0,422.2,0
1043,2024-10-14 10:00:00,2024-10-14,10,32.6,55.0,25637.0,483.4,0
1044,2024-10-14 11:00:00,2024-10-14,11,28.8,56.2,29735.0,476.0,0
1045,2024-10-14 12:00:00,2024-10-14,12,30.8,61.0,29751.0,379.9,0
1046,2024-10-14 13:00:00,2024-10-14,13,31.1,58.7,27416.0,462.9,0
1047,2024-10-14 14:00:00,2024-10-14,14,29.9,52.2,29097.0,418.9,0
1048,2024-10-14 15:00:00,2024-10-14,15,31.3,60.9,19915.0,485.5,0
1049,2024-10-14 16:00:00,2024-10-14,16,29.7,55.3,11471.0,533.7,0
1050,2024-10-14 17:00:00,2024-10-14,17,25.5,65.7,9110.0,614.3,0
1051,2024-10-14 18:00:00,2024-10-14,18,23.9,59.5,0.0,656.0,0
1052,2024-10-14 19:00:00,2024-10-14,19,20.8,74.1,0.0,651.3,0
1053,2024-10-14 20:00:00,2024-10-14,20,17.6,73.1,0.0,722.2,0
1054,2024-10-14 21:00:00,2024-10-14,21,16.1,70.8,2165.0,668.3,0
1055,2024-10-14 22:00:00,2024-10-14,22,13.9,72.8,0.0,736.4,0
1056,2024-10-14 23:00:00,2024-10-14,23,15.7,70.2,0.0,781.7,0
1057,2024-10-15 00:00:00,2024-10-15,0,16.1,68.7,193.0,719.5,0
1058,2024-10-15 01:00:00,2024-10-15,1,16.7,76.0,0.0,730.4,0
1059,2024-10-15 02:00:00,2024-10-15,2,17.1,72.5,0.0,686.5,0
1060,2024-10-15 03:00:00,2024-10-15,3,19.1,79.9,2045.0,690.1,0
1061,2024-10-15 04:00:00,2024-10-15,4,0.2,71.6,4183.0,673.9,1
1062,2024-10-15 05:00:00,2024-10-15,5,20.9,67.3,444.0,625.9,0
1063,2024-10-15 06:00:00,2024-10-15,6,23.6,69.0,0.0,576.8,0
1064,2024-10-15 07:00:00,2024-10-15,7,26.7,62.5,7535.0,577.6,0
1065,2024-10-15 08:00:00,2024-10-15,8,28.3,56.6,16425.0,492.6,0
1066,2024-10-15 09:00:00,2024-10-15,9,26.7,59.2,21144.0,447.7,0
1067,2024-10-15 10:00:00,2024-10-15,10,26.7,55.6,29217.0,479.7,0
1068,2024-10-15 11:00:00,2024-10-15,11,32.1,61.7,30346.0,481.7,0
1069,2024-10-15 12:00:00,2024-10-15,12,28.5,52.4,32210.0,438.6,0
1070,2024-10-15 13:00:00,2024-10-15,13,29.9,55.3,29963.0,441.4,0
1071,2024-10-15 14:00:00,2024-10-15,14,30.4,58.6,29037.0,454.9,0
1072,2024-10-15 15:00:00,2024-10-15,15,27.3,59.1,21258.0,577.3,0
1073,2024-10-15 16:00:00,2024-10-15,16,28.2,54.2,11902.0,532.4,0
1074,2024-10-15 17:00:00,2024-10-15,17,25.2,61.0,5117.0,532.4,0
1075,2024-10-15 18:00:00,2024-10-15,18,22.2,68.9,0.0,607.7,0
1076,2024-10-15 19:00:00,2024-10-15,19,19.3,72.9,0.0,625.4,0
1077,2024-10-15 20:00:00,2024-10-15,20,21.0,73.8,2832.0,650.1,0
1078,2024-10-15 21:00:00,2024-10-15,21,13.7,71.0,1204.0,690.6,0
1079,2024-10-15 22:00:00,2024-10-15,22,16.2,74.4,0.0,711.5,0
1080,2024-10-15 23:00:00,2024-10-15,23,16.0,71.8,1121.0,737.3,0
1081,2024-10-16 00:00:00,2024-10-16,0,15.6,76.5,842.0,787.7,0
1082,2024-10-16 01:00:00,2024-10-16,1,15.1,80.8,225.0,733.7,0
1083,2024-10-16 02:00:00,2024-10-16,2,15.1,75.0,0.0,768.4,0
1084,2024-10-16 03:00:00,2024-10-16,3,16.9,66.7,378.0,677.5,0
1085,2024-10-16 04:00:00,2024-10-16,4,20.4,70.7,0.0,657.1,0
1086,2024-10-16 05:00:00,2024-10-16,5,5.9,62.4,2108.0,659.8,1
1087,2024-10-16 06:00:00,2024-10-16,6,24.2,69.1,1908.0,636.6,0
1088,2024-10-16 07:00:00,2024-10-16,7,25.2,60.3,7769.0,607.2,0
1089,2024-10-16 08:00:00,2024-10-16,8,29.1,65.1,14274.0,550.6,0
1090,2024-10-16 09:00:00,2024-10-16,9,28.8,63.1,26497.0,511.9,0
1091,2024-10-16 10:00:00,2024-10-16,10,30.0,60.0,25250.0,541.7,0
1092,2024-10-16 11:00:00,2024-10-16,11,29.5,60.8,30712.0,440.2,0
1093,2024-10-16 12:00:00,2024-10-16,12,31.9,47.5,30370.0,463.6,0
1094,2024-10-16 13:00:00,2024-10-16,13,28.8,50.9,26305.0,495.2,0
1095,2024-10-16 14:00:00,2024-10-16,14,32.3,57.9,28423.0,474.1,0
1096,2024-10-16 15:00:00,2024-10-16,15,28.2,50.2,21742.0,492.7,0
1097,2024-10-16 16:00:00,2024-10-16,16,26.8,55.6,15144.0,547.1,0
1098,2024-10-16 17:00:00,2024-10-16,17,25.4,58.8,6589.0,568.1,0
1099,2024-10-16 18:00:00,2024-10-16,18,21.7,70.3,4676.0,574.2,0
1100,2024-10-16 19:00:00,2024-10-16,19,22.5,61.3,961.0,612.6,0
1101,2024-10-16 20:00:00,2024-10-16,20,20.2,65.8,1104.0,664.7,0
1102,2024-10-16 21:00:00,2024-10-16,21,16.2,73.1,3061.0,682.7,0
1103,2024-10-16 22:00:00,2024-10-16,22,14.9,66.4,604.0,713.5,0
1104,2024-10-16 23:00:00,2024-10-16,23,14.1,68.9,2180.0,727.8,0
1105,2024-10-17 00:00:00,2024-10-17,0,14.3,74.8,0.0,770.5,0
1106,2024-10-17 01:00:00,2024-10-17,1,15.4,72.8,0.0,752.6,0
1107,2024-10-17 02:00:00,2024-10-17,2,15.0,69.3,1449.0,743.4,0
1108,2024-10-17 03:00:00,2024-10-17,3,17.2,67.5,185.0,659.1,0
1109,2024-10-17 04:00:00,2024-10-17,4,19.3,74.4,0.0,629.0,0
1110,2024-10-17 05:00:00,2024-10-17,5,22.7,66.8,0.0,652.0,0
1111,2024-10-17 06:00:00,2024-10-17,6,22.5,58.4,675.0,592.1,0
1112,2024-10-17 07:00:00,2024-10-17,7,27.5,66.8,9693.0,552.0,0
1113,2024-10-17 08:00:00,2024-10-17,8,27.0,56.3,15834.0,560.0,0
1114,2024-10-17 09:00:00,2024-10-17,9,30.3,52.5,19866.0,522.7,0
1115,2024-10-17 10:00:00,2024-10-17,10,27.8,54.0,25383.0,459.3,0
1116,2024-10-17 11:00:00,2024-10-17,11,30.0,49.9,33562.0,511.1,0
1117,2024-10-17 12:00:00,2024-10-17,12,30.5,55.6,29873.0,430.2,0
1118,2024-10-17 13:00:00,2024-10-17,13,30.1,48.8,27191.0,405.9,0
1119,2024-10-17 14:00:00,2024-10-17,14,29.6,63.2,28379.0,469.1,0
1120,2024-10-17 15:00:00,2024-10-17,15,29.5,56.3,18361.0,505.8,0
1121,2024-10-17 16:00:00,2024-10-17,16,27.5,58.2,14632.0,450.4,0
1122,2024-10-17 17:00:00,2024-10-17,17,24.2,62.7,6253.0,572.0,0
1123,2024-10-17 18:00:00,2024-10-17,18,25.1,69.6,0.0,614.9,0
1124,2024-10-17 19:00:00,2024-10-17,19,18.4,72.6,0.0,628.1,0
1125,2024-10-17 20:00:00,2024-10-17,20,18.5,59.0,2780.0,634.6,0
1126,2024-10-17 21:00:00,2024-10-17,21,15.9,70.4,2833.0,729.3,0
1127,2024-10-17 22:00:00,2024-10-17,22,15.2,74.4,147.0,759.0,0
1128,2024-10-17 23:00:00,2024-10-17,23,14.8,78.4,0.0,712.4,0
1129,2024-10-18 00:00:00,2024-10-18,0,16.5,74.1,0.0,751.7,0
1130,2024-10-18 01:00:00,2024-10-18,1,16.8,79.8,0.0,726.4,0
1131,2024-10-18 02:00:00,2024-10-18,2,18.4,72.1,0.0,773.9,0
1132,2024-10-18 03:00:00,2024-10-18,3,15.7,75.5,0.0,672.0,0
1133,2024-10-18 04:00:00,2024-10-18,4,18.8,62.8,1918.0,708.8,0
1134,2024-10-18 05:00:00,2024-10-18,5,18.1,72.5,0.0,664.5,0
1135,2024-10-18 06:00:00,2024-10-18,6,22.8,71.1,0.0,618.2,0
1136,2024-10-18 07:00:00,2024-10-18,7,28.7,59.8,9679.0,558.0,0
1137,2024-10-18 08:00:00,2024-10-18,8,26.5,66.5,14017.0,482.6,0
1138,2024-10-18 09:00:00,2024-10-18,9,30.9,58.5,23850.0,453.2,0
1139,2024-10-18 10:00:00,2024-10-18,10,29.9,56.8,27363.0,456.8,0
1140,2024-10-18 11:00:00,2024-10-18,11,29.4,54.8,28690.0,450.2,0
1141,2024-10-18 12:00:00,2024-10-18,12,30.5,61.4,27661.0,428.4,0
1142,2024-10-18 13:00:00,2024-10-18,13,28.8,59.0,24824.0,448.1,0
1143,2024-10-18 14:00:00,2024-10-18,14,27.1,48.8,27777.0,503.8,0
1144,2024-10-18 15:00:00,2024-10-18,15,30.9,66.9,20721.0,424.9,0
1145,2024-10-18 16:00:00,2024-10-18,16,26.7,59.1,17238.0,563.2,0
1146,2024-10-18 17:00:00,2024-10-18,17,24.9,67.9,8480.0,563.1,0
1147,2024-10-18 18:00:00,2024-10-18,18,26.2,57.8,0.0,596.2,0
1148,2024-10-18 19:00:00,2024-10-18,19,21.0,60.5,1685.0,661.5,0
1149,2024-10-18 20:00:00,2024-10-18,20,16.7,66.7,0.0,699.3,0
1150,2024-10-18 21:00:00,2024-10-18,21,8.8,44.9,660.0,681.6,1
1151,2024-10-18 22:00:00,2024-10-18,22,17.3,70.1,719.0,732.4,0
1152,2024-10-18 23:00:00,2024-10-18,23,15.2,71.5,90.0,760.9,0
1153,2024-10-19 00:00:00,2024-10-19,0,1.6,81.8,987.0,745.9,1
1154,2024-10-19 01:00:00,2024-10-19,1,17.0,71.2,0.0,724.6,0
1155,2024-10-19 02:00:00,2024-10-19,2,16.2,83.1,1469.0,784.3,0
1156,2024-10-19 03:00:00,2024-10-19,3,17.9,72.7,0.0,708.9,0
1157,2024-10-19 04:00:00,2024-10-19,4,17.5,72.8,1472.0,639.0,0
1158,2024-10-19 05:00:00,2024-10-19,5,20.6,66.1,0.0,604.0,0
1159,2024-10-19 06:00:00,2024-10-19,6,22.2,59.5,821.0,577.0,0
1160,2024-10-19 07:00:00,2024-10-19,7,27.1,58.8,11216.0,583.7,0
1161,2024-10-19 08:00:00,2024-10-19,8,26.8,55.4,14289.0,569.6,0
1162,2024-10-19 09:00:00,2024-10-19,9,29.1,59.2,21790.0,508.8,0
1163,2024-10-19 10:00:00,2024-10-19,10,30.5,57.2,25058.0,482.6,0
1164,2024-10-19 11:00:00,2024-10-19,11,31.3,49.3,29538.0,396.5,0
1165,2024-10-19 12:00:00,2024-10-19,12,28.7,53.1,32370.0,411.9,0
1166,2024-10-19 13:00:00,2024-10-19,13,29.3,62.3,28420.0,458.2,0
1167,2024-10-19 14:00:00,2024-10-19,14,31.0,60.8,24679.0,447.3,0
1168,2024-10-19 15:00:00,2024-10-19,15,28.5,56.9,19055.0,474.7,0
1169,2024-10-19 16:00:00,2024-10-19,16,28.5,51.7,14074.0,598.3,0
1170,2024-10-19 17:00:00,2024-10-19,17,25.2,69.2,5741.0,574.6,0
1171,2024-10-19 18:00:00,2024-10-19,18,21.4,67.0,1684.0,618.1,0
1172,2024-10-19 19:00:00,2024-10-19,19,21.5,70.9,0.0,666.8,0
1173,2024-10-19 20:00:00,2024-10-19,20,19.2,65.5,681.0,685.4,0
1174,2024-10-19 21:00:00,2024-10-19,21,20.4,57.6,0.0,695.8,0
1175,2024-10-19 22:00:00,2024-10-19,22,17.0,80.0,0.0,749.5,0
1176,2024-10-19 23:00:00,2024-10-19,23,14.6,69.4,3588.0,756.0,0
1177,2024-10-20 00:00:00,2024-10-20,0,16.0,83.9,0.0,712.3,0
1178,2024-10-20 01:00:00,2024-10-20,1,13.1,71.0,0.0,715.3,0
1179,2024-10-20 02:00:00,2024-10-20,2,17.2,75.6,0.0,703.0,0
1180,2024-10-20 03:00:00,2024-10-20,3,20.0,71.8,0.0,736.5,0
1181,2024-10-20 04:00:00,2024-10-20,4,18.6,75.1,1960.0,714.7,0
1182,2024-10-20 05:00:00,2024-10-20,5,20.1,67.2,3896.0,631.4,0
1183,2024-10-20 06:00:00,2024-10-20,6,20.4,63.6,4.0,546.0,0
1184,2024-10-20 07:00:00,2024-10-20,7,26.6,53.7,11543.0,581.9,0
1185,2024-10-20 08:00:00,2024-10-20,8,28.1,59.8,13557.0,541.4,0
1186,2024-10-20 09:00:00,2024-10-20,9,26.8,53.7,20207.0,528.8,0
1187,2024-10-20 10:00:00,2024-10-20,10,29.5,61.3,26515.0,477.7,0
1188,2024-10-20 11:00:00,2024-10-20,11,30.9,54.9,30446.0,478.1,0
1189,2024-10-20 12:00:00,2024-10-20,12,29.8,52.5,28625.0,491.7,0
1190,2024-10-20 13:00:00,2024-10-20,13,40.7,39.6,27563.0,481.1,1
1191,2024-10-20 14:00:00,2024-10-20,14,26.1,55.9,24847.0,438.6,0
1192,2024-10-20 15:00:00,2024-10-20,15,29.0,57.0,21339.0,474.3,0
1193,2024-10-20 16:00:00,2024-10-20,16,25.6,56.0,16083.0,515.9,0
1194,2024-10-20 17:00:00,2024-10-20,17,24.1,65.6,6948.0,575.4,0
1195,2024-10-20 18:00:00,2024-10-20,18,23.5,73.0,883.0,604.1,0
1196,2024-10-20 19:00:00,2024-10-20,19,21.8,68.1,522.0,653.2,0
1197,2024-10-20 20:00:00,2024-10-20,20,18.4,72.2,0.0,601.2,0
1198,2024-10-20 21:00:00,2024-10-20,21,32.4,71.9,771.0,690.2,1
1199,2024-10-20 22:00:00,2024-10-20,22,17.0,71.2,0.0,696.6,0
1200,2024-10-20 23:00:00,2024-10-20,23,13.6,75.7,0.0,691.6,0
1201,2024-10-21 00:00:00,2024-10-21,0,16.4,75.9,0.0,732.4,0
1202,2024-10-21 01:00:00,2024-10-21,1,13.8,80.5,0.0,768.9,0
1203,2024-10-21 02:00:00,2024-10-21,2,-0.4,72.4,2433.0,658.1,1
1204,2024-10-21 03:00:00,2024-10-21,3,14.1,75.3,693.0,708.8,0
1205,2024-10-21 04:00:00,2024-10-21,4,21.5,60.8,0.0,665.0,0
1206,2024-10-21 05:00:00,2024-10-21,5,22.5,73.8,0.0,644.6,0
1207,2024-10-21 06:00:00,2024-10-21,6,24.8,62.3,876.0,611.5,0
1208,2024-10-21 07:00:00,2024-10-21,7,25.1,64.3,7805.0,565.9,0
1209,2024-10-21 08:00:00,2024-10-21,8,28.5,53.9,15940.0,522.6,0
1210,2024-10-21 09:00:00,2024-10-21,9,28.2,56.8,17242.0,490.0,0
1211,2024-10-21 10:00:00,2024-10-21,10,28.3,55.2,24705.0,443.8,0
1212,2024-10-21 11:00:00,2024-10-21,11,32.8,49.0,27052.0,434.2,0
1213,2024-10-21 12:00:00,2024-10-21,12,30.7,56.5,31340.0,468.6,0
1214,2024-10-21 13:00:00,2024-10-21,13,16.6,52.0,32313.0,487.7,1
1215,2024-10-21 14:00:00,2024-10-21,14,27.0,58.4,30252.0,478.6,0
1216,2024-10-21 15:00:00,2024-10-21,15,28.9,58.1,16778.0,458.9,0
1217,2024-10-21 16:00:00,2024-10-21,16,28.6,61.6,16648.0,520.1,0
1218,2024-10-21 17:00:00,2024-10-21,17,27.1,62.5,7880.0,553.2,0
1219,2024-10-21 18:00:00,2024-10-21,18,24.7,59.3,0.0,620.6,0
1220,2024-10-21 19:00:00,2024-10-21,19,22.5,64.6,0.0,680.8,0
1221,2024-10-21 20:00:00,2024-10-21,20,18.8,76.2,0.0,647.8,0
1222,2024-10-21 21:00:00,2024-10-21,21,16.3,71.4,0.0,726.9,0
1223,2024-10-21 22:00:00,2024-10-21,22,17.0,66.5,0.0,666.7,0
1224,2024-10-21 23:00:00,2024-10-21,23,12.6,67.3,0.0,728.6,0
1225,2024-10-22 00:00:00,2024-10-22,0,14.0,77.8,1499.0,732.1,0
1226,2024-10-22 01:00:00,2024-10-22,1,13.3,74.6,0.0,731.8,0
1227,2024-10-22 02:00:00,2024-10-22,2,14.6,74.2,772.0,694.6,0
1228,2024-10-22 03:00:00,2024-10-22,3,16.8,70.8,0.0,689.1,0
1229,2024-10-22 04:00:00,2024-10-22,4,23.0,72.2,184.0,689.3,0
1230,2024-10-22 05:00:00,2024-10-22,5,19.5,63.8,64.0,587.0,0
1231,2024-10-22 06:00:00,2024-10-22,6,23.5,63.5,0.0,627.0,0
1232,2024-10-22 07:00:00,2024-10-22,7,28.3,63.7,7742.0,592.1,0
1233,2024-10-22 08:00:00,2024-10-22,8,26.5,53.4,15818.0,545.0,0
1234,2024-10-22 09:00:00,2024-10-22,9,26.9,53.4,22315.0,471.9,0
1235,2024-10-22 10:00:00,2024-10-22,10,30.5,56.1,24523.0,464.4,0
1236,2024-10-22 11:00:00,2024-10-22,11,28.8,64.4,27711.0,452.2,0
1237,2024-10-22 12:00:00,2024-10-22,12,29.4,57.2,28585.0,433.8,0
1238,2024-10-22 13:00:00,2024-10-22,13,14.9,49.7,28895.0,410.9,1
1239,2024-10-22 14:00:00,2024-10-22,14,29.3,60.2,27054.0,425.4,0
1240,2024-10-22 15:00:00,2024-10-22,15,29.4,49.5,20105.0,493.6,0
1241,2024-10-22 16:00:00,2024-10-22,16,26.1,58.4,16848.0,502.4,0
1242,2024-10-22 17:00:00,2024-10-22,17,39.0,60.0,4532.0,496.0,1
1243,2024-10-22 18:00:00,2024-10-22,18,22.7,66.2,1429.0,609.1,0
1244,2024-10-22 19:00:00,2024-10-22,19,20.5,76.2,0.0,630.6,0
1245,2024-10-22 20:00:00,2024-10-22,20,21.7,69.3,0.0,624.1,0
1246,2024-10-22 21:00:00,2024-10-22,21,17.2,77.8,0.0,696.5,0
1247,2024-10-22 22:00:00,2024-10-22,22,18.3,67.2,1356.0,779.3,0
1248,2024-10-22 23:00:00,2024-10-22,23,14.6,73.4,2020.0,704.9,0
1249,2024-10-23 00:00:00,2024-10-23,0,14.1,68.7,3196.0,730.6,0
1250,2024-10-23 01:00:00,2024-10-23,1,15.6,71.7,1540.0,749.5,0
1251,2024-10-23 02:00:00,2024-10-23,2,15.8,76.6,460.0,733.6,0
1252,2024-10-23 03:00:00,2024-10-23,3,17.0,71.9,0.0,764.7,0
1253,2024-10-23 04:00:00,2024-10-23,4,19.5,66.5,223.0,746.1,0
1254,2024-10-23 05:00:00,2024-10-23,5,20.2,76.1,3878.0,664.4,0
1255,2024-10-23 06:00:00,2024-10-23,6,23.9,60.8,0.0,555.4,0
1256,2024-10-23 07:00:00,2024-10-23,7,24.7,62.1,9755.0,543.8,0
1257,2024-10-23 08:00:00,2024-10-23,8,25.7,65.6,14433.0,510.0,0
1258,2024-10-23 09:00:00,2024-10-23,9,28.6,57.9,20383.0,468.7,0
1259,2024-10-23 10:00:00,2024-10-23,10,30.0,59.0,26085.0,472.4,0
1260,2024-10-23 11:00:00,2024-10-23,11,33.3,62.0,30719.0,517.7,0
1261,2024-10-23 12:00:00,2024-10-23,12,32.0,56.6,34488.0,368.2,0
1262,2024-10-23 13:00:00,2024-10-23,13,32.5,68.2,29193.0,442.2,0
1263,2024-10-23 14:00:00,2024-10-23,14,32.7,64.5,25869.0,477.7,0
1264,2024-10-23 15:00:00,2024-10-23,15,30.6,65.9,19819.0,501.2,0
1265,2024-10-23 16:00:00,2024-10-23,16,26.8,50.4,17007.0,515.9,0
1266,2024-10-23 17:00:00,2024-10-23,17,15.9,84.7,4505.0,577.9,1
1267,2024-10-23 18:00:00,2024-10-23,18,21.4,59.2,1936.0,612.0,0
1268,2024-10-23 19:00:00,2024-10-23,19,21.5,59.0,0.0,638.0,0
1269,2024-10-23 20:00:00,2024-10-23,20,21.6,73.0,0.0,678.5,0
1270,2024-10-23 21:00:00,2024-10-23,21,17.1,71.0,3211.0,643.6,0
1271,2024-10-23 22:00:00,2024-10-23,22,14.4,79.6,1464.0,767.5,0
1272,2024-10-23 23:00:00,2024-10-23,23,16.5,73.9,686.0,782.2,0
1273,2024-10-24 00:00:00,2024-10-24,0,14.9,64.5,276.0,693.4,0
1274,2024-10-24 01:00:00,2024-10-24,1,15.7,79.0,0.0,795.2,0
1275,2024-10-24 02:00:00,2024-10-24,2,17.5,65.1,5422.0,728.0,0
1276,2024-10-24 03:00:00,2024-10-24,3,17.4,71.4,205.0,697.1,0
1277,2024-10-24 04:00:00,2024-10-24,4,16.5,69.3,0.0,685.6,0
1278,2024-10-24 05:00:00,2024-10-24,5,23.3,62.8,2123.0,625.8,0
1279,2024-10-24 06:00:00,2024-10-24,6,22.1,68.4,0.0,574.8,0
1280,2024-10-24 07:00:00,2024-10-24,7,24.7,62.2,10449.0,503.2,0
1281,2024-10-24 08:00:00,2024-10-24,8,27.7,66.5,14851.0,519.5,0
1282,2024-10-24 09:00:00,2024-10-24,9,28.5,60.5,19908.0,475.6,0
1283,2024-10-24 10:00:00,2024-10-24,10,29.5,63.1,19539.0,482.0,0
1284,2024-10-24 11:00:00,2024-10-24,11,31.6,57.7,30157.0,375.6,0
1285,2024-10-24 12:00:00,2024-10-24,12,32.4,58.7,28247.0,469.8,0
1286,2024-10-24 13:00:00,2024-10-24,13,32.9,51.5,27269.0,443.0,0
1287,2024-10-24 14:00:00,2024-10-24,14,31.1,49.6,24496.0,466.6,0
1288,2024-10-24 15:00:00,2024-10-24,15,30.7,58.1,20246.0,486.5,0
1289,2024-10-24 16:00:00,2024-10-24,16,29.5,61.8,17374.0,496.1,0
1290,2024-10-24 17:00:00,2024-10-24,17,25.9,60.6,9224.0,533.2,0
1291,2024-10-24 18:00:00,2024-10-24,18,20.3,75.6,0.0,539.2,0
1292,2024-10-24 19:00:00,2024-10-24,19,21.2,72.5,1495.0,647.8,0
1293,2024-10-24 20:00:00,2024-10-24,20,22.1,62.6,279.0,677.0,0
1294,2024-10-24 21:00:00,2024-10-24,21,15.1,72.9,562.0,750.8,0
1295,2024-10-24 22:00:00,2024-10-24,22,20.0,71.8,0.0,717.7,0
1296,2024-10-24 23:00:00,2024-10-24,23,14.8,82.4,0.0,692.7,0
1297,2024-10-25 00:00:00,2024-10-25,0,15.1,90.6,0.0,716.4,1
1298,2024-10-25 01:00:00,2024-10-25,1,15.9,78.0,0.0,795.5,0
1299,2024-10-25 02:00:00,2024-10-25,2,15.6,80.1,0.0,738.2,0
1300,2024-10-25 03:00:00,2024-10-25,3,18.8,69.9,0.0,686.8,0
1301,2024-10-25 04:00:00,2024-10-25,4,19.3,70.1,0.0,630.9,0
1302,2024-10-25 05:00:00,2024-10-25,5,23.0,72.4,1438.0,693.4,0
1303,2024-10-25 06:00:00,2024-10-25,6,22.6,77.3,3967.0,600.4,0
1304,2024-10-25 07:00:00,2024-10-25,7,25.3,59.1,9513.0,563.5,0
1305,2024-10-25 08:00:00,2024-10-25,8,27.7,55.8,11565.0,532.1,0
1306,2024-10-25 09:00:00,2024-10-25,9,30.5,56.8,24086.0,472.8,0
1307,2024-10-25 10:00:00,2024-10-25,10,15.2,60.2,24431.0,511.1,1
1308,2024-10-25 11:00:00,2024-10-25,11,29.9,53.5,28499.0,453.8,0
1309,2024-10-25 12:00:00,2024-10-25,12,30.8,52.3,27322.0,443.3,0
1310,2024-10-25 13:00:00,2024-10-25,13,30.6,61.1,30274.0,466.3,0
1311,2024-10-25 14:00:00,2024-10-25,14,29.3,62.7,27638.0,447.7,0
1312,2024-10-25 15:00:00,2024-10-25,15,29.9,54.6,21873.0,536.5,0
1313,2024-10-25 16:00:00,2024-10-25,16,28.5,54.6,13454.0,546.8,0
1314,2024-10-25 17:00:00,2024-10-25,17,25.6,63.0,7831.0,590.5,0
1315,2024-10-25 18:00:00,2024-10-25,18,25.3,73.0,4487.0,582.6,0
1316,2024-10-25 19:00:00,2024-10-25,19,15.1,82.1,3870.0,619.8,1
1317,2024-10-25 20:00:00,2024-10-25,20,18.4,74.1,0.0,669.4,0
1318,2024-10-25 21:00:00,2024-10-25,21,19.3,72.0,0.0,686.0,0
1319,2024-10-25 22:00:00,2024-10-25,22,17.8,74.3,0.0,805.3,0
1320,2024-10-25 23:00:00,2024-10-25,23,13.8,71.0,0.0,817.4,0
1321,2024-10-26 00:00:00,2024-10-26,0,15.0,76.8,0.0,770.9,0
1322,2024-10-26 01:00:00,2024-10-26,1,14.1,75.1,2804.0,720.1,0
1323,2024-10-26 02:00:00,2024-10-26,2,15.0,80.2,1383.0,740.4,0
1324,2024-10-26 03:00:00,2024-10-26,3,18.7,64.8,0.0,729.1,0
1325,2024-10-26 04:00:00,2024-10-26,4,17.2,71.7,0.0,701.3,0
1326,2024-10-26 05:00:00,2024-10-26,5,19.6,69.2,0.0,656.8,0
1327,2024-10-26 06:00:00,2024-10-26,6,23.2,65.4,0.0,621.8,0
1328,2024-10-26 07:00:00,2024-10-26,7,27.0,64.2,13455.0,551.9,0
1329,2024-10-26 08:00:00,2024-10-26,8,28.7,67.5,16098.0,556.3,0
1330,2024-10-26 09:00:00,2024-10-26,9,31.6,60.9,21710.0,471.3,0
1331,2024-10-26 10:00:00,2024-10-26,10,28.8,56.9,21176.0,488.4,0
1332,2024-10-26 11:00:00,2024-10-26,11,30.8,54.7,27400.0,460.6,0
1333,2024-10-26 12:00:00,2024-10-26,12,31.2,53.2,30557.0,473.4,0
1334,2024-10-26 13:00:00,2024-10-26,13,32.0,48.9,30931.0,516.8,0
1335,2024-10-26 14:00:00,2024-10-26,14,30.1,59.4,27002.0,422.4,0
1336,2024-10-26 15:00:00,2024-10-26,15,28.9,52.1,24214.0,469.9,0
1337,2024-10-26 16:00:00,2024-10-26,16,27.5,59.1,12843.0,530.5,0
1338,2024-10-26 17:00:00,2024-10-26,17,25.0,65.4,3814.0,535.8,0
1339,2024-10-26 18:00:00,2024-10-26,18,22.7,69.5,0.0,659.4,0
1340,2024-10-26 19:00:00,2024-10-26,19,22.7,62.7,0.0,668.4,0
1341,2024-10-26 20:00:00,2024-10-26,20,18.6,71.8,0.0,647.4,0
1342,2024-10-26 21:00:00,2024-10-26,21,16.7,71.2,2952.0,676.4,0
1343,2024-10-26 22:00:00,2024-10-26,22,20.0,73.9,2100.0,699.4,0
1344,2024-10-26 23:00:00,2024-10-26,23,18.6,82.7,4559.0,724.0,0
1345,2024-10-27 00:00:00,2024-10-27,0,15.6,76.9,0.0,753.9,0
1346,2024-10-27 01:00:00,2024-10-27,1,17.2,71.9,0.0,721.8,0
1347,2024-10-27 02:00:00,2024-10-27,2,15.5,69.6,1058.0,729.6,0
1348,2024-10-27 03:00:00,2024-10-27,3,17.0,61.2,2666.0,681.2,0
1349,2024-10-27 04:00:00,2024-10-27,4,18.4,66.4,119.0,666.8,0
1350,2024-10-27 05:00:00,2024-10-27,5,20.4,62.9,0.0,652.0,0
1351,2024-10-27 06:00:00,2024-10-27,6,21.6,54.0,0.0,637.9,0
1352,2024-10-27 07:00:00,2024-10-27,7,26.7,56.0,7878.0,507.6,0
1353,2024-10-27 08:00:00,2024-10-27,8,38.0,85.8,16552.0,488.7,1
1354,2024-10-27 09:00:00,2024-10-27,9,29.1,64.1,22734.0,482.4,0
1355,2024-10-27 10:00:00,2024-10-27,10,28.9,63.1,24405.0,484.8,0
1356,2024-10-27 11:00:00,2024-10-27,11,31.1,58.1,28459.0,420.9,0
1357,2024-10-27 12:00:00,2024-10-27,12,33.8,53.7,28664.0,509.2,0
1358,2024-10-27 13:00:00,2024-10-27,13,30.1,57.7,29065.0,481.8,0
1359,2024-10-27 14:00:00,2024-10-27,14,27.1,55.6,24746.0,456.4,0
1360,2024-10-27 15:00:00,2024-10-27,15,27.5,47.0,19137.0,524.6,0
1361,2024-10-27 16:00:00,2024-10-27,16,25.1,57.1,16679.0,523.2,0
1362,2024-10-27 17:00:00,2024-10-27,17,25.1,69.1,5511.0,592.2,0
1363,2024-10-27 18:00:00,2024-10-27,18,25.4,67.1,0.0,616.9,0
1364,2024-10-27 19:00:00,2024-10-27,19,19.6,67.7,2379.0,629.9,0
1365,2024-10-27 20:00:00,2024-10-27,20,21.2,85.5,0.0,693.4,0
1366,2024-10-27 21:00:00,2024-10-27,21,19.1,70.8,0.0,660.3,0
1367,2024-10-27 22:00:00,2024-10-27,22,15.2,74.9,0.0,711.3,0
1368,2024-10-27 23:00:00,2024-10-27,23,16.6,88.0,2159.0,785.1,0
1369,2024-10-28 00:00:00,2024-10-28,0,15.6,69.3,0.0,825.8,0
1370,2024-10-28 01:00:00,2024-10-28,1,12.3,69.6,0.0,735.3,0
1371,2024-10-28 02:00:00,2024-10-28,2,15.6,76.9,108.0,758.1,0
1372,2024-10-28 03:00:00,2024-10-28,3,17.0,69.1,4129.0,708.4,0
1373,2024-10-28 04:00:00,2024-10-28,4,19.6,75.6,0.0,660.8,0
1374,2024-10-28 05:00:00,2024-10-28,5,21.4,61.7,394.0,619.3,0
1375,2024-10-28 06:00:00,2024-10-28,6,25.9,65.5,0.0,584.9,0
1376,2024-10-28 07:00:00,2024-10-28,7,24.1,63.5,4351.0,551.8,0
1377,2024-10-28 08:00:00,2024-10-28,8,27.2,65.9,15158.0,578.3,0
1378,2024-10-28 09:00:00,2024-10-28,9,28.6,65.3,23584.0,408.4,0
1379,2024-10-28 10:00:00,2024-10-28,10,32.5,50.5,27161.0,475.9,0
1380,2024-10-28 11:00:00,2024-10-28,11,33.0,52.1,29509.0,456.3,0
1381,2024-10-28 12:00:00,2024-10-28,12,31.9,52.0,31766.0,488.1,0
1382,2024-10-28 13:00:00,2024-10-28,13,30.1,59.8,31611.0,452.3,0
1383,2024-10-28 14:00:00,2024-10-28,14,31.0,66.2,22595.0,473.1,0
1384,2024-10-28 15:00:00,2024-10-28,15,19.1,35.2,23700.0,534.2,1
1385,2024-10-28 16:00:00,2024-10-28,16,28.3,67.3,14971.0,508.1,0
1386,2024-10-28 17:00:00,2024-10-28,17,25.4,64.8,6998.0,545.3,0
1387,2024-10-28 18:00:00,2024-10-28,18,20.7,63.4,0.0,580.8,0
1388,2024-10-28 19:00:00,2024-10-28,19,21.2,67.9,0.0,624.4,0
1389,2024-10-28 20:00:00,2024-10-28,20,19.6,67.9,1729.0,635.7,0
1390,2024-10-28 21:00:00,2024-10-28,21,8.2,52.0,0.0,747.7,1
1391,2024-10-28 22:00:00,2024-10-28,22,17.7,81.4,835.0,715.0,0
1392,2024-10-28 23:00:00,2024-10-28,23,17.7,72.9,2096.0,764.5,0
1393,2024-10-29 00:00:00,2024-10-29,0,18.2,76.0,0.0,782.9,0
1394,2024-10-29 01:00:00,2024-10-29,1,13.4,68.4,3847.0,765.7,0
1395,2024-10-29 02:00:00,2024-10-29,2,14.6,79.6,0.0,749.1,0
1396,2024-10-29 03:00:00,2024-10-29,3,17.2,68.4,0.0,702.4,0
1397,2024-10-29 04:00:00,2024-10-29,4,21.5,71.4,1010.0,677.0,0
1398,2024-10-29 05:00:00,2024-10-29,5,19.4,63.4,427.0,599.8,0
1399,2024-10-29 06:00:00,2024-10-29,6,24.8,68.3,141.0,613.5,0
1400,2024-10-29 07:00:00,2024-10-29,7,24.9,70.1,2786.0,538.9,0
1401,2024-10-29 08:00:00,2024-10-29,8,29.3,69.3,14817.0,524.3,0
1402,2024-10-29 09:00:00,2024-10-29,9,27.5,57.4,22704.0,486.6,0
1403,2024-10-29 10:00:00,2024-10-29,10,30.6,54.3,23431.0,489.8,0
1404,2024-10-29 11:00:00,2024-10-29,11,32.9,58.9,30271.0,401.1,0
1405,2024-10-29 12:00:00,2024-10-29,12,31.4,57.5,31063.0,488.2,0
1406,2024-10-29 13:00:00,2024-10-29,13,29.8,58.4,26848.0,448.8,0
1407,2024-10-29 14:00:00,2024-10-29,14,31.7,56.9,21677.0,483.4,0
1408,2024-10-29 15:00:00,2024-10-29,15,31.0,53.2,22378.0,512.0,0
1409,2024-10-29 16:00:00,2024-10-29,16,28.4,62.0,16260.0,570.0,0
1410,2024-10-29 17:00:00,2024-10-29,17,26.9,53.0,9073.0,575.5,0
1411,2024-10-29 18:00:00,2024-10-29,18,26.0,57.7,425.0,569.9,0
1412,2024-10-29 19:00:00,2024-10-29,19,21.7,70.2,0.0,593.4,0
1413,2024-10-29 20:00:00,2024-10-29,20,19.8,66.1,0.0,694.8,0
1414,2024-10-29 21:00:00,2024-10-29,21,18.6,68.2,0.0,693.9,0
1415,2024-10-29 22:00:00,2024-10-29,22,17.3,72.8,0.0,725.3,0
1416,2024-10-29 23:00:00,2024-10-29,23,15.5,87.3,185.0,734.5,0
1417,2024-10-30 00:00:00,2024-10-30,0,16.4,74.6,2896.0,768.1,0
1418,2024-10-30 01:00:00,2024-10-30,1,14.3,79.5,0.0,755.6,0
1419,2024-10-30 02:00:00,2024-10-30,2,16.8,75.1,0.0,699.5,0
1420,2024-10-30 03:00:00,2024-10-30,3,18.3,72.1,0.0,774.2,0
1421,2024-10-30 04:00:00,2024-10-30,4,19.7,69.1,0.0,731.2,0
1422,2024-10-30 05:00:00,2024-10-30,5,20.0,64.9,3472.0,647.3,0
1423,2024-10-30 06:00:00,2024-10-30,6,23.0,74.1,999.0,589.8,0
1424,2024-10-30 07:00:00,2024-10-30,7,24.5,60.6,12274.0,572.9,0
1425,2024-10-30 08:00:00,2024-10-30,8,14.6,55.5,14086.0,568.6,1
1426,2024-10-30 09:00:00,2024-10-30,9,31.6,55.5,19790.0,473.0,0
1427,2024-10-30 10:00:00,2024-10-30,10,31.0,57.9,28658.0,417.3,0
1428,2024-10-30 11:00:00,2024-10-30,11,31.7,55.6,31505.0,424.8,0
1429,2024-10-30 12:00:00,2024-10-30,12,28.6,55.7,28954.0,428.0,0
1430,2024-10-30 13:00:00,2024-10-30,13,30.0,55.3,27381.0,461.8,0
1431,2024-10-30 14:00:00,2024-10-30,14,31.3,54.9,25256.0,475.7,0
1432,2024-10-30 15:00:00,2024-10-30,15,29.8,63.4,22434.0,454.4,0
1433,2024-10-30 16:00:00,2024-10-30,16,29.0,69.6,14032.0,526.7,0
1434,2024-10-30 17:00:00,2024-10-30,17,28.2,55.7,9121.0,581.2,0
1435,2024-10-30 18:00:00,2024-10-30,18,25.0,63.8,0.0,571.6,0
1436,2024-10-30 19:00:00,2024-10-30,19,19.4,65.4,623.0,632.6,0
1437,2024-10-30 20:00:00,2024-10-30,20,18.9,81.7,1510.0,669.1,0
1438,2024-10-30 21:00:00,2024-10-30,21,18.0,61.3,2512.0,621.6,0
1439,2024-10-30 22:00:00,2024-10-30,22,15.7,70.8,3851.0,696.8,0
1440,2024-10-30 23:00:00,2024-10-30,23,12.4,71.6,2969.0,705.4,0
1441,2024-10-31 00:00:00,2024-10-31,0,25.6,95.3,685.0,721.3,1
1442,2024-10-31 01:00:00,2024-10-31,1,17.4,78.6,0.0,723.7,0
1443,2024-10-31 02:00:00,2024-10-31,2,15.2,67.8,0.0,715.2,0
1444,2024-10-31 03:00:00,2024-10-31,3,18.2,70.6,366.0,676.3,0
1445,2024-10-31 04:00:00,2024-10-31,4,17.4,75.0,0.0,677.7,0
1446,2024-10-31 05:00:00,2024-10-31,5,21.7,65.8,1895.0,659.1,0
1447,2024-10-31 06:00:00,2024-10-31,6,20.6,65.8,0.0,634.1,0
1448,2024-10-31 07:00:00,2024-10-31,7,24.7,68.1,6707.0,584.5,0
1449,2024-10-31 08:00:00,2024-10-31,8,34.7,38.7,15881.0,509.4,1
1450,2024-10-31 09:00:00,2024-10-31,9,30.3,57.2,21276.0,488.7,0
1451,2024-10-31 10:00:00,2024-10-31,10,31.0,53.5,28280.0,506.8,0
1452,2024-10-31 11:00:00,2024-10-31,11,31.4,52.4,25746.0,429.1,0
1453,2024-10-31 12:00:00,2024-10-31,12,32.2,54.7,34647.0,438.9,0
1454,2024-10-31 13:00:00,2024-10-31,13,28.5,47.9,30305.0,449.2,0
1455,2024-10-31 14:00:00,2024-10-31,14,30.4,51.7,26460.0,445.9,0
1456,2024-10-31 15:00:00,2024-10-31,15,29.1,68.1,20363.0,490.0,0
1457,2024-10-31 16:00:00,2024-10-31,16,27.4,60.9,15936.0,532.7,0
1458,2024-10-31 17:00:00,2024-10-31,17,25.9,61.3,4140.0,640.1,0
1459,2024-10-31 18:00:00,2024-10-31,18,24.0,58.3,0.0,555.5,0
1460,2024-10-31 19:00:00,2024-10-31,19,22.2,71.0,0.0,643.6,0
1461,2024-10-31 20:00:00,2024-10-31,20,18.7,73.9,0.0,644.9,0
1462,2024-10-31 21:00:00,2024-10-31,21,16.4,73.1,1110.0,714.5,0
1463,2024-10-31 22:00:00,2024-10-31,22,16.8,77.6,5361.0,717.2,0
1464,2024-10-31 23:00:00,2024-10-31,23,15.6,81.0,0.0,737.4,0
1465,2024-11-01 00:00:00,2024-11-01,0,17.5,72.8,2527.0,700.1,0
1466,2024-11-01 01:00:00,2024-11-01,1,16.0,79.3,199.0,744.7,0
1467,2024-11-01 02:00:00,2024-11-01,2,18.9,73.9,1364.0,749.5,0
1468,2024-11-01 03:00:00,2024-11-01,3,17.6,70.8,4195.0,724.0,0
1469,2024-11-01 04:00:00,2024-11-01,4,19.8,78.4,79.0,741.2,0
1470,2024-11-01 05:00:00,2024-11-01,5,20.5,65.1,0.0,617.5,0
1471,2024-11-01 06:00:00,2024-11-01,6,24.3,62.6,0.0,622.3,0
1472,2024-11-01 07:00:00,2024-11-01,7,26.6,66.9,7456.0,537.6,0
1473,2024-11-01 08:00:00,2024-11-01,8,31.0,54.4,17199.0,504.7,0
1474,2024-11-01 09:00:00,2024-11-01,9,29.0,59.2,21671.0,473.7,0
1475,2024-11-01 10:00:00,2024-11-01,10,28.6,51.9,19747.0,471.7,0
1476,2024-11-01 11:00:00,2024-11-01,11,32.3,57.5,27474.0,501.2,0
1477,2024-11-01 12:00:00,2024-11-01,12,29.3,53.7,29699.0,448.8,0
1478,2024-11-01 13:00:00,2024-11-01,13,32.2,55.5,26785.0,398.4,0
1479,2024-11-01 14:00:00,2024-11-01,14,34.6,60.7,26664.0,481.9,0
1480,2024-11-01 15:00:00,2024-11-01,15,26.8,55.2,21176.0,474.5,0
1481,2024-11-01 16:00:00,2024-11-01,16,29.3,63.7,15343.0,542.6,0
1482,2024-11-01 17:00:00,2024-11-01,17,26.3,57.4,7981.0,523.3,0
1483,2024-11-01 18:00:00,2024-11-01,18,25.3,61.8,0.0,533.7,0
1484,2024-11-01 19:00:00,2024-11-01,19,20.8,65.8,0.0,657.4,0
1485,2024-11-01 20:00:00,2024-11-01,20,23.3,69.4,3334.0,684.2,0
1486,2024-11-01 21:00:00,2024-11-01,21,19.3,73.9,0.0,660.8,0
1487,2024-11-01 22:00:00,2024-11-01,22,17.0,70.7,0.0,706.4,0
1488,2024-11-01 23:00:00,2024-11-01,23,14.6,74.4,2897.0,765.4,0
1489,2024-11-02 00:00:00,2024-11-02,0,16.6,74.4,0.0,772.1,0
1490,2024-11-02 01:00:00,2024-11-02,1,18.2,65.3,3037.0,760.1,0
1491,2024-11-02 02:00:00,2024-11-02,2,16.2,77.7,1576.0,743.7,0
1492,2024-11-02 03:00:00,2024-11-02,3,20.8,78.2,0.0,730.4,0
1493,2024-11-02 04:00:00,2024-11-02,4,19.3,76.1,0.0,682.8,0
1494,2024-11-02 05:00:00,2024-11-02,5,20.9,66.5,148.0,641.7,0
1495,2024-11-02 06:00:00,2024-11-02,6,21.9,73.8,1224.0,587.4,0
1496,2024-11-02 07:00:00,2024-11-02,7,24.7,63.5,4985.0,557.6,0
1497,2024-11-02 08:00:00,2024-11-02,8,27.5,64.0,16178.0,490.3,0
1498,2024-11-02 09:00:00,2024-11-02,9,29.6,63.4,20034.0,506.3,0
1499,2024-11-02 10:00:00,2024-11-02,10,31.9,56.4,25054.0,438.1,0
1500,2024-11-02 11:00:00,2024-11-02,11,33.0,57.6,26062.0,458.9,0
1501,2024-11-02 12:00:00,2024-11-02,12,30.5,58.6,27168.0,408.9,0
1502,2024-11-02 13:00:00,2024-11-02,13,32.7,59.5,29967.0,406.7,0
1503,2024-11-02 14:00:00,2024-11-02,14,31.4,57.3,26639.0,479.5,0
1504,2024-11-02 15:00:00,2024-11-02,15,29.3,61.5,16602.0,543.8,0
1505,2024-11-02 16:00:00,2024-11-02,16,31.0,53.4,16634.0,494.5,0
1506,2024-11-02 17:00:00,2024-11-02,17,24.9,59.3,8660.0,570.9,0
1507,2024-11-02 18:00:00,2024-11-02,18,23.5,55.9,0.0,649.8,0
1508,2024-11-02 19:00:00,2024-11-02,19,22.9,63.0,429.0,633.7,0
1509,2024-11-02 20:00:00,2024-11-02,20,22.4,69.1,0.0,660.9,0
1510,2024-11-02 21:00:00,2024-11-02,21,20.8,78.3,4082.0,720.4,0
1511,2024-11-02 22:00:00,2024-11-02,22,17.3,73.0,1557.0,696.2,0
1512,2024-11-02 23:00:00,2024-11-02,23,16.6,78.0,0.0,704.7,0
1513,2024-11-03 00:00:00,2024-11-03,0,13.7,81.9,872.0,768.0,0
1514,2024-11-03 01:00:00,2024-11-03,1,17.1,71.2,0.0,742.6,0
1515,2024-11-03 02:00:00,2024-11-03,2,15.8,77.3,0.0,772.8,0
1516,2024-11-03 03:00:00,2024-11-03,3,18.0,77.5,0.0,697.7,0
1517,2024-11-03 04:00:00,2024-11-03,4,18.4,72.1,0.0,690.0,0
1518,2024-11-03 05:00:00,2024-11-03,5,21.6,67.8,3262.0,616.8,0
1519,2024-11-03 06:00:00,2024-11-03,6,25.6,73.9,0.0,534.2,0
1520,2024-11-03 07:00:00,2024-11-03,7,10.0,71.3,6552.0,542.2,1
1521,2024-11-03 08:00:00,2024-11-03,8,27.1,62.1,14374.0,437.4,0
1522,2024-11-03 09:00:00,2024-11-03,9,27.9,50.9,23478.0,537.3,0
1523,2024-11-03 10:00:00,2024-11-03,10,30.8,62.0,22014.0,437.8,0
1524,2024-11-03 11:00:00,2024-11-03,11,32.4,50.1,30957.0,496.0,0
1525,2024-11-03 12:00:00,2024-11-03,12,32.0,57.9,28969.0,455.6,0
1526,2024-11-03 13:00:00,2024-11-03,13,33.8,56.4,26766.0,413.8,0
1527,2024-11-03 14:00:00,2024-11-03,14,31.0,58.8,26950.0,447.6,0
1528,2024-11-03 15:00:00,2024-11-03,15,29.1,52.8,21414.0,558.7,0
1529,2024-11-03 16:00:00,2024-11-03,16,27.9,62.7,11029.0,564.2,0
1530,2024-11-03 17:00:00,2024-11-03,17,27.8,60.3,13178.0,598.0,0
1531,2024-11-03 18:00:00,2024-11-03,18,25.6,70.9,2317.0,599.3,0
1532,2024-11-03 19:00:00,2024-11-03,19,20.9,66.0,131.0,686.8,0
1533,2024-11-03 20:00:00,2024-11-03,20,18.3,69.5,0.0,730.6,0
1534,2024-11-03 21:00:00,2024-11-03,21,19.0,66.3,0.0,742.2,0
1535,2024-11-03 22:00:00,2024-11-03,22,15.6,77.8,0.0,764.8,0
1536,2024-11-03 23:00:00,2024-11-03,23,18.7,64.6,0.0,731.7,0
1537,2024-11-04 00:00:00,2024-11-04,0,14.0,78.4,0.0,776.1,0
1538,2024-11-04 01:00:00,2024-11-04,1,16.0,80.8,0.0,753.9,0
1539,2024-11-04 02:00:00,2024-11-04,2,17.6,83.7,0.0,773.9,0
1540,2024-11-04 03:00:00,2024-11-04,3,19.1,73.1,0.0,695.4,0
1541,2024-11-04 04:00:00,2024-11-04,4,18.3,65.7,1340.0,742.7,0
1542,2024-11-04 05:00:00,2024-11-04,5,21.0,78.3,0.0,630.4,0
1543,2024-11-04 06:00:00,2024-11-04,6,22.7,60.8,0.0,653.0,0
1544,2024-11-04 07:00:00,2024-11-04,7,27.5,63.8,7477.0,561.0,0
1545,2024-11-04 08:00:00,2024-11-04,8,28.9,58.7,15651.0,475.1,0
1546,2024-11-04 09:00:00,2024-11-04,9,29.0,52.2,22181.0,523.8,0
1547,2024-11-04 10:00:00,2024-11-04,10,29.1,54.2,24582.0,483.0,0
1548,2024-11-04 11:00:00,2024-11-04,11,31.1,59.0,26923.0,480.6,0
1549,2024-11-04 12:00:00,2024-11-04,12,30.7,47.0,31197.0,458.4,0
1550,2024-11-04 13:00:00,2024-11-04,13,32.8,52.2,29382.0,441.3,0
1551,2024-11-04 14:00:00,2024-11-04,14,31.5,59.6,26213.0,519.4,0
1552,2024-11-04 15:00:00,2024-11-04,15,29.7,62.1,18147.0,494.9,0
1553,2024-11-04 16:00:00,2024-11-04,16,28.4,64.0,15980.0,514.9,0
1554,2024-11-04 17:00:00,2024-11-04,17,26.0,68.1,7981.0,558.6,0
1555,2024-11-04 18:00:00,2024-11-04,18,24.1,63.1,390.0,587.9,0
1556,2024-11-04 19:00:00,2024-11-04,19,30.4,87.2,0.0,695.1,1
1557,2024-11-04 20:00:00,2024-11-04,20,21.0,63.1,0.0,676.6,0
1558,2024-11-04 21:00:00,2024-11-04,21,17.4,70.3,0.0,726.6,0
1559,2024-11-04 22:00:00,2024-11-04,22,16.0,76.1,1525.0,754.4,0
1560,2024-11-04 23:00:00,2024-11-04,23,16.5,69.6,0.0,702.4,0
1561,2024-11-05 00:00:00,2024-11-05,0,15.5,72.7,1876.0,720.9,0
1562,2024-11-05 01:00:00,2024-11-05,1,14.7,71.0,0.0,767.3,0
1563,2024-11-05 02:00:00,2024-11-05,2,19.1,72.3,58.0,721.0,0
1564,2024-11-05 03:00:00,2024-11-05,3,18.7,57.5,0.0,644.5,0
1565,2024-11-05 04:00:00,2024-11-05,4,20.3,68.2,2205.0,700.8,0
1566,2024-11-05 05:00:00,2024-11-05,5,7.1,60.3,200.0,654.3,1
1567,2024-11-05 06:00:00,2024-11-05,6,24.4,67.3,2692.0,576.2,0
1568,2024-11-05 07:00:00,2024-11-05,7,23.2,63.8,10267.0,602.5,0
1569,2024-11-05 08:00:00,2024-11-05,8,30.7,51.1,18257.0,530.5,0
1570,2024-11-05 09:00:00,2024-11-05,9,28.8,51.9,22765.0,509.4,0
1571,2024-11-05 10:00:00,2024-11-05,10,31.5,59.0,24007.0,434.5,0
1572,2024-11-05 11:00:00,2024-11-05,11,30.9,50.9,29575.0,474.2,0
1573,2024-11-05 12:00:00,2024-11-05,12,31.4,65.1,31803.0,438.6,0
1574,2024-11-05 13:00:00,2024-11-05,13,29.2,61.9,31362.0,446.0,0
1575,2024-11-05 14:00:00,2024-11-05,14,31.6,51.2,23646.0,494.4,0
1576,2024-11-05 15:00:00,2024-11-05,15,28.4,63.7,19783.0,495.6,0
1577,2024-11-05 16:00:00,2024-11-05,16,28.2,60.5,15720.0,529.7,0
1578,2024-11-05 17:00:00,2024-11-05,17,26.0,63.1,11292.0,587.1,0
1579,2024-11-05 18:00:00,2024-11-05,18,22.1,69.7,2486.0,648.5,0
1580,2024-11-05 19:00:00,2024-11-05,19,20.4,69.1,1466.0,623.4,0
1581,2024-11-05 20:00:00,2024-11-05,20,22.2,62.2,750.0,682.1,0
1582,2024-11-05 21:00:00,2024-11-05,21,16.7,70.4,1938.0,744.0,0
1583,2024-11-05 22:00:00,2024-11-05,22,16.3,65.9,0.0,785.5,0
1584,2024-11-05 23:00:00,2024-11-05,23,18.3,72.0,0.0,768.7,0
1585,2024-11-06 00:00:00,2024-11-06,0,18.0,73.6,0.0,757.5,0
1586,2024-11-06 01:00:00,2024-11-06,1,20.9,80.2,0.0,776.5,0
1587,2024-11-06 02:00:00,2024-11-06,2,16.9,74.1,0.0,720.7,0
1588,2024-11-06 03:00:00,2024-11-06,3,16.3,65.1,351.0,740.6,0
1589,2024-11-06 04:00:00,2024-11-06,4,19.5,73.4,1654.0,667.3,0
1590,2024-11-06 05:00:00,2024-11-06,5,23.2,59.9,3354.0,625.1,0
1591,2024-11-06 06:00:00,2024-11-06,6,22.9,62.7,264.0,574.4,0
1592,2024-11-06 07:00:00,2024-11-06,7,24.4,57.5,10183.0,573.1,0
1593,2024-11-06 08:00:00,2024-11-06,8,26.8,50.2,16394.0,574.4,0
1594,2024-11-06 09:00:00,2024-11-06,9,29.6,56.6,21970.0,468.5,0
1595,2024-11-06 10:00:00,2024-11-06,10,31.2,49.4,26856.0,447.6,0
1596,2024-11-06 11:00:00,2024-11-06,11,27.0,59.3,29966.0,495.7,0
1597,2024-11-06 12:00:00,2024-11-06,12,32.1,57.9,27074.0,462.9,0
1598,2024-11-06 13:00:00,2024-11-06,13,30.8,46.1,27476.0,470.5,0
1599,2024-11-06 14:00:00,2024-11-06,14,31.3,55.1,22710.0,423.4,0
1600,2024-11-06 15:00:00,2024-11-06,15,29.1,62.5,20667.0,484.9,0
1601,2024-11-06 16:00:00,2024-11-06,16,29.9,62.1,15273.0,531.9,0
1602,2024-11-06 17:00:00,2024-11-06,17,28.3,60.3,5093.0,541.1,0
1603,2024-11-06 18:00:00,2024-11-06,18,25.1,61.8,1617.0,596.1,0
1604,2024-11-06 19:00:00,2024-11-06,19,19.6,66.7,0.0,598.5,0
1605,2024-11-06 20:00:00,2024-11-06,20,18.3,74.9,0.0,674.3,0
1606,2024-11-06 21:00:00,2024-11-06,21,18.1,71.9,946.0,675.3,0
1607,2024-11-06 22:00:00,2024-11-06,22,18.3,69.8,0.0,765.4,0
1608,2024-11-06 23:00:00,2024-11-06,23,17.7,74.0,2340.0,736.7,0
1609,2024-11-07 00:00:00,2024-11-07,0,16.3,88.4,0.0,742.4,0
1610,2024-11-07 01:00:00,2024-11-07,1,16.0,70.3,936.0,738.5,0
1611,2024-11-07 02:00:00,2024-11-07,2,19.8,75.0,2543.0,733.4,0
1612,2024-11-07 03:00:00,2024-11-07,3,16.2,71.5,344.0,707.4,0
1613,2024-11-07 04:00:00,2024-11-07,4,17.1,87.7,0.0,704.1,0
1614,2024-11-07 05:00:00,2024-11-07,5,20.7,53.5,0.0,637.3,0
1615,2024-11-07 06:00:00,2024-11-07,6,23.6,65.3,340.0,598.9,0
1616,2024-11-07 07:00:00,2024-11-07,7,26.9,61.0,7037.0,576.5,0
1617,2024-11-07 08:00:00,2024-11-07,8,29.9,54.1,12937.0,545.1,0
1618,2024-11-07 09:00:00,2024-11-07,9,32.3,55.0,22039.0,458.2,0
1619,2024-11-07 10:00:00,2024-11-07,10,31.5,62.2,28153.0,407.4,0
1620,2024-11-07 11:00:00,2024-11-07,11,29.2,50.1,31832.0,438.9,0
1621,2024-11-07 12:00:00,2024-11-07,12,31.0,46.7,30467.0,493.6,0
1622,2024-11-07 13:00:00,2024-11-07,13,29.4,52.0,29660.0,477.4,0
1623,2024-11-07 14:00:00,2024-11-07,14,30.2,51.5,25363.0,466.8,0
1624,2024-11-07 15:00:00,2024-11-07,15,31.8,54.4,18379.0,537.6,0
1625,2024-11-07 16:00:00,2024-11-07,16,28.6,64.2,15238.0,503.1,0
1626,2024-11-07 17:00:00,2024-11-07,17,26.4,68.5,7213.0,532.3,0
1627,2024-11-07 18:00:00,2024-11-07,18,27.9,65.9,1669.0,615.7,0
1628,2024-11-07 19:00:00,2024-11-07,19,17.7,62.3,658.0,557.3,0
1629,2024-11-07 20:00:00,2024-11-07,20,21.2,73.0,1917.0,723.2,0
1630,2024-11-07 21:00:00,2024-11-07,21,18.1,72.6,0.0,739.6,0
1631,2024-11-07 22:00:00,2024-11-07,22,19.0,72.2,0.0,729.6,0
1632,2024-11-07 23:00:00,2024-11-07,23,15.0,74.1,1879.0,723.5,0
1633,2024-11-08 00:00:00,2024-11-08,0,16.4,77.8,0.0,751.0,0
1634,2024-11-08 01:00:00,2024-11-08,1,17.6,81.5,0.0,797.9,0
1635,2024-11-08 02:00:00,2024-11-08,2,16.6,83.6,0.0,751.1,0
1636,2024-11-08 03:00:00,2024-11-08,3,18.5,79.3,0.0,693.5,0
1637,2024-11-08 04:00:00,2024-11-08,4,19.3,76.0,0.0,710.1,0
1638,2024-11-08 05:00:00,2024-11-08,5,23.2,66.4,0.0,619.2,0
1639,2024-11-08 06:00:00,2024-11-08,6,23.0,70.3,320.0,566.5,0
1640,2024-11-08 07:00:00,2024-11-08,7,22.9,61.4,9211.0,557.0,0
1641,2024-11-08 08:00:00,2024-11-08,8,27.5,63.7,17915.0,479.3,0
1642,2024-11-08 09:00:00,2024-11-08,9,29.9,57.8,20697.0,532.2,0
1643,2024-11-08 10:00:00,2024-11-08,10,30.5,52.6,25519.0,468.7,0
1644,2024-11-08 11:00:00,2024-11-08,11,30.6,56.0,30053.0,459.0,0
1645,2024-11-08 12:00:00,2024-11-08,12,33.2,52.8,31245.0,469.6,0
1646,2024-11-08 13:00:00,2024-11-08,13,32.5,59.8,28155.0,438.7,0
1647,2024-11-08 14:00:00,2024-11-08,14,29.9,51.2,27312.0,538.6,0
1648,2024-11-08 15:00:00,2024-11-08,15,29.7,49.9,19822.0,492.2,0
1649,2024-11-08 16:00:00,2024-11-08,16,26.1,64.5,17937.0,536.5,0
1650,2024-11-08 17:00:00,2024-11-08,17,25.4,52.2,5806.0,560.8,0
1651,2024-11-08 18:00:00,2024-11-08,18,24.7,65.7,2117.0,608.8,0
1652,2024-11-08 19:00:00,2024-11-08,19,20.0,65.5,0.0,633.8,0
1653,2024-11-08 20:00:00,2024-11-08,20,18.9,68.2,0.0,708.7,0
1654,2024-11-08 21:00:00,2024-11-08,21,16.4,70.2,0.0,717.2,0
1655,2024-11-08 22:00:00,2024-11-08,22,16.1,68.7,0.0,691.0,0
1656,2024-11-08 23:00:00,2024-11-08,23,18.3,79.2,0.0,709.5,0
1657,2024-11-09 00:00:00,2024-11-09,0,16.2,70.0,862.0,769.6,0
1658,2024-11-09 01:00:00,2024-11-09,1,18.4,74.8,3882.0,747.7,0
1659,2024-11-09 02:00:00,2024-11-09,2,6.5,45.9,0.0,752.1,1
1660,2024-11-09 03:00:00,2024-11-09,3,17.3,68.5,260.0,674.2,0
1661,2024-11-09 04:00:00,2024-11-09,4,20.9,61.2,1990.0,703.1,0
1662,2024-11-09 05:00:00,2024-11-09,5,32.3,52.8,3847.0,610.2,1
1663,2024-11-09 06:00:00,2024-11-09,6,23.9,58.3,0.0,613.5,0
1664,2024-11-09 07:00:00,2024-11-09,7,24.4,60.5,5059.0,517.4,0
1665,2024-11-09 08:00:00,2024-11-09,8,28.6,57.1,14028.0,506.0,0
1666,2024-11-09 09:00:00,2024-11-09,9,30.8,54.1,22223.0,487.1,0
1667,2024-11-09 10:00:00,2024-11-09,10,31.8,59.0,24037.0,432.0,0
1668,2024-11-09 11:00:00,2024-11-09,11,31.7,52.5,30203.0,475.5,0
1669,2024-11-09 12:00:00,2024-11-09,12,42.4,30.6,29603.0,454.1,1
1670,2024-11-09 13:00:00,2024-11-09,13,32.3,59.1,30196.0,445.2,0
1671,2024-11-09 14:00:00,2024-11-09,14,29.5,57.2,21658.0,484.6,0
1672,2024-11-09 15:00:00,2024-11-09,15,29.1,59.5,24061.0,536.3,0
1673,2024-11-09 16:00:00,2024-11-09,16,29.7,52.5,14354.0,565.1,0
1674,2024-11-09 17:00:00,2024-11-09,17,23.9,62.2,6585.0,571.1,0
1675,2024-11-09 18:00:00,2024-11-09,18,21.0,71.1,0.0,604.7,0
1676,2024-11-09 19:00:00,2024-11-09,19,20.1,62.6,0.0,649.8,0
1677,2024-11-09 20:00:00,2024-11-09,20,18.9,78.7,2054.0,699.3,0
1678,2024-11-09 21:00:00,2024-11-09,21,18.1,71.9,340.0,727.1,0
1679,2024-11-09 22:00:00,2024-11-09,22,18.1,71.3,0.0,749.1,0
1680,2024-11-09 23:00:00,2024-11-09,23,17.4,72.7,0.0,738.7,0
1681,2024-11-10 00:00:00,2024-11-10,0,14.3,72.9,0.0,790.7,0
1682,2024-11-10 01:00:00,2024-11-10,1,17.2,72.6,0.0,718.1,0
1683,2024-11-10 02:00:00,2024-11-10,2,17.3,72.4,584.0,738.3,0
1684,2024-11-10 03:00:00,2024-11-10,3,19.7,72.2,0.0,687.7,0
1685,2024-11-10 04:00:00,2024-11-10,4,21.4,65.8,0.0,655.9,0
1686,2024-11-10 05:00:00,2024-11-10,5,22.2,67.0,1654.0,635.7,0
1687,2024-11-10 06:00:00,2024-11-10,6,22.6,65.4,2868.0,547.8,0
1688,2024-11-10 07:00:00,2024-11-10,7,25.6,66.1,7417.0,573.7,0
1689,2024-11-10 08:00:00,2024-11-10,8,29.3,56.3,16563.0,526.6,0
1690,2024-11-10 09:00:00,2024-11-10,9,30.3,57.7,21021.0,501.7,0
1691,2024-11-10 10:00:00,2024-11-10,10,31.8,50.1,28848.0,414.3,0
1692,2024-11-10 11:00:00,2024-11-10,11,30.8,54.9,29802.0,502.4,0
1693,2024-11-10 12:00:00,2024-11-10,12,28.9,55.2,30543.0,497.7,0
1694,2024-11-10 13:00:00,2024-11-10,13,32.7,53.2,26160.0,463.4,0
1695,2024-11-10 14:00:00,2024-11-10,14,30.8,62.3,25020.0,478.2,0
1696,2024-11-10 15:00:00,2024-11-10,15,29.1,59.9,19361.0,457.7,0
1697,2024-11-10 16:00:00,2024-11-10,16,28.2,68.3,14464.0,564.7,0
1698,2024-11-10 17:00:00,2024-11-10,17,28.9,67.4,7523.0,583.0,0
1699,2024-11-10 18:00:00,2024-11-10,18,23.5,69.1,0.0,569.4,0
1700,2024-11-10 19:00:00,2024-11-10,19,38.5,66.3,415.0,598.4,1
1701,2024-11-10 20:00:00,2024-11-10,20,20.2,67.8,0.0,696.0,0
1702,2024-11-10 21:00:00,2024-11-10,21,16.0,70.2,1462.0,746.2,0
1703,2024-11-10 22:00:00,2024-11-10,22,18.1,75.7,0.0,692.4,0
1704,2024-11-10 23:00:00,2024-11-10,23,15.1,73.0,3601.0,725.0,0
1705,2024-11-11 00:00:00,2024-11-11,0,16.8,74.7,354.0,761.1,0
1706,2024-11-11 01:00:00,2024-11-11,1,18.3,70.9,2372.0,736.9,0
1707,2024-11-11 02:00:00,2024-11-11,2,16.7,75.3,451.0,667.4,0
1708,2024-11-11 03:00:00,2024-11-11,3,16.4,73.9,1073.0,742.2,0
1709,2024-11-11 04:00:00,2024-11-11,4,20.8,76.1,384.0,648.7,0
1710,2024-11-11 05:00:00,2024-11-11,5,21.7,60.4,1448.0,664.4,0
1711,2024-11-11 06:00:00,2024-11-11,6,23.3,68.1,447.0,539.2,0
1712,2024-11-11 07:00:00,2024-11-11,7,33.6,50.0,8681.0,598.4,1
1713,2024-11-11 08:00:00,2024-11-11,8,27.3,58.5,14568.0,506.9,0
1714,2024-11-11 09:00:00,2024-11-11,9,29.3,51.6,21821.0,420.4,0
1715,2024-11-11 10:00:00,2024-11-11,10,31.2,62.4,23522.0,531.3,0
1716,2024-11-11 11:00:00,2024-11-11,11,33.5,57.7,27781.0,432.2,0
1717,2024-11-11 12:00:00,2024-11-11,12,32.0,61.0,27369.0,450.3,0
1718,2024-11-11 13:00:00,2024-11-11,13,33.0,60.0,30440.0,412.6,0
1719,2024-11-11 14:00:00,2024-11-11,14,29.4,56.2,22063.0,487.4,0
1720,2024-11-11 15:00:00,2024-11-11,15,29.4,54.4,19926.0,426.1,0
1721,2024-11-11 16:00:00,2024-11-11,16,27.5,64.9,13736.0,509.2,0
1722,2024-11-11 17:00:00,2024-11-11,17,26.3,60.4,8907.0,630.2,0
1723,2024-11-11 18:00:00,2024-11-11,18,22.9,67.0,59.0,631.4,0
1724,2024-11-11 19:00:00,2024-11-11,19,20.3,70.6,0.0,674.3,0
1725,2024-11-11 20:00:00,2024-11-11,20,18.2,73.4,3234.0,662.2,0
1726,2024-11-11 21:00:00,2024-11-11,21,19.2,69.4,1798.0,763.4,0
1727,2024-11-11 22:00:00,2024-11-11,22,17.9,79.5,319.0,744.5,0
1728,2024-11-11 23:00:00,2024-11-11,23,17.1,67.9,0.0,779.3,0
1729,2024-11-12 00:00:00,2024-11-12,0,18.7,68.4,0.0,758.3,0
1730,2024-11-12 01:00:00,2024-11-12,1,12.2,73.9,0.0,711.8,0
1731,2024-11-12 02:00:00,2024-11-12,2,16.0,64.6,248.0,733.0,0
1732,2024-11-12 03:00:00,2024-11-12,3,18.1,72.0,0.0,637.0,0
1733,2024-11-12 04:00:00,2024-11-12,4,20.0,68.6,3420.0,695.0,0
1734,2024-11-12 05:00:00,2024-11-12,5,23.5,70.2,3338.0,615.1,0
1735,2024-11-12 06:00:00,2024-11-12,6,35.6,42.9,387.0,583.3,1
1736,2024-11-12 07:00:00,2024-11-12,7,26.6,54.9,7756.0,579.6,0
1737,2024-11-12 08:00:00,2024-11-12,8,28.0,67.3,14311.0,567.9,0
1738,2024-11-12 09:00:00,2024-11-12,9,29.8,53.8,21873.0,482.8,0
1739,2024-11-12 10:00:00,2024-11-12,10,46.2,59.3,27893.0,514.5,1
1740,2024-11-12 11:00:00,2024-11-12,11,31.9,69.2,22942.0,433.6,0
1741,2024-11-12 12:00:00,2024-11-12,12,33.0,54.7,31730.0,416.0,0
1742,2024-11-12 13:00:00,2024-11-12,13,32.1,56.1,31383.0,404.7,0
1743,2024-11-12 14:00:00,2024-11-12,14,32.2,52.2,21036.0,493.5,0
1744,2024-11-12 15:00:00,2024-11-12,15,29.4,59.7,24067.0,505.1,0
1745,2024-11-12 16:00:00,2024-11-12,16,26.4,58.9,18948.0,513.7,0
1746,2024-11-12 17:00:00,2024-11-12,17,23.9,65.5,4587.0,573.2,0
1747,2024-11-12 18:00:00,2024-11-12,18,22.7,62.3,1328.0,584.7,0
1748,2024-11-12 19:00:00,2024-11-12,19,21.4,66.0,7.0,632.2,0
1749,2024-11-12 20:00:00,2024-11-12,20,21.3,68.1,0.0,702.3,0
1750,2024-11-12 21:00:00,2024-11-12,21,14.8,66.9,0.0,689.9,0
1751,2024-11-12 22:00:00,2024-11-12,22,16.2,78.6,0.0,708.9,0
1752,2024-11-12 23:00:00,2024-11-12,23,18.8,78.7,0.0,775.3,0
1753,2024-11-13 00:00:00,2024-11-13,0,14.5,71.9,0.0,726.6,0
1754,2024-11-13 01:00:00,2024-11-13,1,15.9,77.2,162.0,740.4,0
1755,2024-11-13 02:00:00,2024-11-13,2,18.2,76.5,0.0,696.9,0
1756,2024-11-13 03:00:00,2024-11-13,3,35.9,73.3,794.0,719.3,1
1757,2024-11-13 04:00:00,2024-11-13,4,22.1,75.0,0.0,668.7,0
1758,2024-11-13 05:00:00,2024-11-13,5,20.0,63.7,0.0,597.2,0
1759,2024-11-13 06:00:00,2024-11-13,6,25.4,66.4,0.0,537.9,0
1760,2024-11-13 07:00:00,2024-11-13,7,25.2,56.7,7519.0,571.2,0
1761,2024-11-13 08:00:00,2024-11-13,8,26.3,57.9,17363.0,528.8,0
1762,2024-11-13 09:00:00,2024-11-13,9,31.5,65.7,18294.0,521.0,0
1763,2024-11-13 10:00:00,2024-11-13,10,30.7,46.8,27543.0,394.1,0
1764,2024-11-13 11:00:00,2024-11-13,11,33.4,48.3,31759.0,467.0,0
1765,2024-11-13 12:00:00,2024-11-13,12,30.2,46.2,32182.0,469.9,0
1766,2024-11-13 13:00:00,2024-11-13,13,32.7,53.9,29718.0,429.4,0
1767,2024-11-13 14:00:00,2024-11-13,14,31.2,46.5,25164.0,438.4,0
1768,2024-11-13 15:00:00,2024-11-13,15,29.5,54.2,21608.0,475.1,0
1769,2024-11-13 16:00:00,2024-11-13,16,26.5,63.6,10094.0,518.0,0
1770,2024-11-13 17:00:00,2024-11-13,17,23.6,62.2,10829.0,556.8,0
1771,2024-11-13 18:00:00,2024-11-13,18,27.9,59.7,0.0,591.2,0
1772,2024-11-13 19:00:00,2024-11-13,19,23.1,68.3,0.0,651.6,0
1773,2024-11-13 20:00:00,2024-11-13,20,21.5,75.1,30.0,684.8,0
1774,2024-11-13 21:00:00,2024-11-13,21,19.1,75.3,1785.0,764.8,0
1775,2024-11-13 22:00:00,2024-11-13,22,21.0,71.1,0.0,717.1,0
1776,2024-11-13 23:00:00,2024-11-13,23,15.7,73.3,0.0,733.8,0
1777,2024-11-14 00:00:00,2024-11-14,0,17.0,83.5,1560.0,717.1,0
1778,2024-11-14 01:00:00,2024-11-14,1,16.9,80.1,372.0,750.5,0
1779,2024-11-14 02:00:00,2024-11-14,2,16.5,66.4,1289.0,741.2,0
1780,2024-11-14 03:00:00,2024-11-14,3,18.4,72.6,0.0,703.5,0
1781,2024-11-14 04:00:00,2024-11-14,4,21.7,68.4,2523.0,702.3,0
1782,2024-11-14 05:00:00,2024-11-14,5,21.4,64.7,0.0,607.3,0
1783,2024-11-14 06:00:00,2024-11-14,6,25.8,63.1,2777.0,619.5,0
1784,2024-11-14 07:00:00,2024-11-14,7,29.0,65.2,7099.0,545.9,0
1785,2024-11-14 08:00:00,2024-11-14,8,29.7,55.4,15580.0,511.5,0
1786,2024-11-14 09:00:00,2024-11-14,9,30.9,62.0,19925.0,492.9,0
1787,2024-11-14 10:00:00,2024-11-14,10,32.8,49.4,24247.0,466.1,0
1788,2024-11-14 11:00:00,2024-11-14,11,17.0,51.9,26688.0,467.0,1
1789,2024-11-14 12:00:00,2024-11-14,12,32.9,56.0,30915.0,463.0,0
1790,2024-11-14 13:00:00,2024-11-14,13,31.0,49.9,26769.0,468.1,0
1791,2024-11-14 14:00:00,2024-11-14,14,31.9,49.1,26260.0,477.3,0
1792,2024-11-14 15:00:00,2024-11-14,15,27.9,57.7,20661.0,506.9,0
1793,2024-11-14 16:00:00,2024-11-14,16,27.6,54.4,16976.0,538.8,0
1794,2024-11-14 17:00:00,2024-11-14,17,25.3,57.0,8482.0,530.0,0
1795,2024-11-14 18:00:00,2024-11-14,18,24.7,72.8,1198.0,605.3,0
1796,2024-11-14 19:00:00,2024-11-14,19,23.3,75.1,0.0,604.7,0
1797,2024-11-14 20:00:00,2024-11-14,20,20.1,78.0,1346.0,684.2,0
1798,2024-11-14 21:00:00,2024-11-14,21,20.7,73.1,0.0,685.9,0
1799,2024-11-14 22:00:00,2024-11-14,22,18.2,73.1,0.0,769.3,0
1800,2024-11-14 23:00:00,2024-11-14,23,15.5,75.1,0.0,748.6,0
1801,2024-11-15 00:00:00,2024-11-15,0,15.1,69.4,5006.0,735.5,0
1802,2024-11-15 01:00:00,2024-11-15,1,16.1,74.0,946.0,663.2,0
1803,2024-11-15 02:00:00,2024-11-15,2,17.8,68.5,0.0,721.7,0
1804,2024-11-15 03:00:00,2024-11-15,3,16.8,62.9,2036.0,667.2,0
1805,2024-11-15 04:00:00,2024-11-15,4,19.4,65.9,452.0,708.5,0
1806,2024-11-15 05:00:00,2024-11-15,5,19.6,65.6,68.0,613.2,0
1807,2024-11-15 06:00:00,2024-11-15,6,24.4,70.3,0.0,581.3,0
1808,2024-11-15 07:00:00,2024-11-15,7,24.1,61.6,8331.0,558.1,0
1809,2024-11-15 08:00:00,2024-11-15,8,30.6,60.6,12938.0,509.6,0
1810,2024-11-15 09:00:00,2024-11-15,9,30.9,59.7,19891.0,487.9,0
1811,2024-11-15 10:00:00,2024-11-15,10,33.5,61.9,23142.0,476.8,0
1812,2024-11-15 11:00:00,2024-11-15,11,31.1,69.9,26424.0,422.6,0
1813,2024-11-15 12:00:00,2024-11-15,12,32.6,65.6,28328.0,442.0,0
1814,2024-11-15 13:00:00,2024-11-15,13,31.5,58.2,29523.0,486.0,0
1815,2024-11-15 14:00:00,2024-11-15,14,31.6,57.4,26959.0,471.8,0
1816,2024-11-15 15:00:00,2024-11-15,15,29.9,63.9,24245.0,448.7,0
1817,2024-11-15 16:00:00,2024-11-15,16,27.8,62.0,16339.0,521.6,0
1818,2024-11-15 17:00:00,2024-11-15,17,27.7,48.7,10139.0,576.8,0
1819,2024-11-15 18:00:00,2024-11-15,18,21.2,67.2,2549.0,627.7,0
1820,2024-11-15 19:00:00,2024-11-15,19,36.4,63.5,1911.0,602.9,1
1821,2024-11-15 20:00:00,2024-11-15,20,19.9,69.0,1053.0,701.6,0
1822,2024-11-15 21:00:00,2024-11-15,21,18.0,72.5,0.0,684.4,0
1823,2024-11-15 22:00:00,2024-11-15,22,17.9,70.6,2380.0,803.7,0
1824,2024-11-15 23:00:00,2024-11-15,23,15.2,76.5,2954.0,803.3,0
1825,2024-11-16 00:00:00,2024-11-16,0,18.4,79.2,820.0,718.5,0
1826,2024-11-16 01:00:00,2024-11-16,1,16.4,71.1,1516.0,736.7,0
1827,2024-11-16 02:00:00,2024-11-16,2,17.7,81.1,0.0,738.4,0
1828,2024-11-16 03:00:00,2024-11-16,3,19.5,74.8,0.0,685.0,0
1829,2024-11-16 04:00:00,2024-11-16,4,19.0,73.5,0.0,708.8,0
1830,2024-11-16 05:00:00,2024-11-16,5,20.8,63.4,2636.0,646.9,0
1831,2024-11-16 06:00:00,2024-11-16,6,22.3,68.4,0.0,586.9,0
1832,2024-11-16 07:00:00,2024-11-16,7,24.7,66.7,3985.0,554.3,0
1833,2024-11-16 08:00:00,2024-11-16,8,27.3,66.6,14330.0,576.8,0
1834,2024-11-16 09:00:00,2024-11-16,9,29.9,59.0,21969.0,482.9,0
1835,2024-11-16 10:00:00,2024-11-16,10,28.4,59.9,25281.0,440.8,0
1836,2024-11-16 11:00:00,2024-11-16,11,32.7,47.7,26604.0,446.4,0
1837,2024-11-16 12:00:00,2024-11-16,12,32.0,55.6,30271.0,378.1,0
1838,2024-11-16 13:00:00,2024-11-16,13,31.6,52.8,26820.0,480.4,0
1839,2024-11-16 14:00:00,2024-11-16,14,32.6,53.6,24464.0,462.1,0
1840,2024-11-16 15:00:00,2024-11-16,15,28.6,53.7,20661.0,500.8,0
1841,2024-11-16 16:00:00,2024-11-16,16,26.9,50.5,16064.0,544.4,0
1842,2024-11-16 17:00:00,2024-11-16,17,25.4,61.2,11278.0,556.4,0
1843,2024-11-16 18:00:00,2024-11-16,18,26.3,70.5,1124.0,607.9,0
1844,2024-11-16 19:00:00,2024-11-16,19,22.5,66.8,1414.0,633.5,0
1845,2024-11-16 20:00:00,2024-11-16,20,19.7,70.3,1795.0,644.7,0
1846,2024-11-16 21:00:00,2024-11-16,21,17.8,75.5,0.0,631.0,0
1847,2024-11-16 22:00:00,2024-11-16,22,17.9,83.0,0.0,731.0,0
1848,2024-11-16 23:00:00,2024-11-16,23,15.7,65.8,4476.0,678.8,0
1849,2024-11-17 00:00:00,2024-11-17,0,14.8,80.3,0.0,769.6,0
1850,2024-11-17 01:00:00,2024-11-17,1,17.9,75.1,254.0,725.8,0
1851,2024-11-17 02:00:00,2024-11-17,2,18.2,77.5,0.0,757.8,0
1852,2024-11-17 03:00:00,2024-11-17,3,19.5,72.4,0.0,673.3,0
1853,2024-11-17 04:00:00,2024-11-17,4,20.0,72.7,0.0,653.9,0
1854,2024-11-17 05:00:00,2024-11-17,5,19.6,64.4,0.0,589.3,0
1855,2024-11-17 06:00:00,2024-11-17,6,25.0,61.7,2083.0,545.1,0
1856,2024-11-17 07:00:00,2024-11-17,7,24.0,62.4,4783.0,567.9,0
1857,2024-11-17 08:00:00,2024-11-17,8,28.9,65.2,14946.0,500.2,0
1858,2024-11-17 09:00:00,2024-11-17,9,28.4,61.8,22267.0,444.0,0
1859,2024-11-17 10:00:00,2024-11-17,10,31.7,61.7,26877.0,449.1,0
1860,2024-11-17 11:00:00,2024-11-17,11,30.1,59.6,31866.0,433.7,0
1861,2024-11-17 12:00:00,2024-11-17,12,29.8,49.8,33987.0,421.3,0
1862,2024-11-17 13:00:00,2024-11-17,13,29.1,55.8,28927.0,460.5,0
1863,2024-11-17 14:00:00,2024-11-17,14,31.1,54.0,24946.0,455.1,0
1864,2024-11-17 15:00:00,2024-11-17,15,28.5,60.8,21825.0,494.7,0
1865,2024-11-17 16:00:00,2024-11-17,16,30.0,58.7,15314.0,545.1,0
1866,2024-11-17 17:00:00,2024-11-17,17,25.7,57.1,5981.0,498.0,0
1867,2024-11-17 18:00:00,2024-11-17,18,26.7,67.1,1310.0,597.6,0
1868,2024-11-17 19:00:00,2024-11-17,19,22.5,65.0,0.0,661.4,0
1869,2024-11-17 20:00:00,2024-11-17,20,23.2,74.5,1494.0,685.4,0
1870,2024-11-17 21:00:00,2024-11-17,21,17.4,74.8,0.0,705.2,0
1871,2024-11-17 22:00:00,2024-11-17,22,16.7,75.3,0.0,724.0,0
1872,2024-11-17 23:00:00,2024-11-17,23,19.1,72.4,0.0,773.6,0
1873,2024-11-18 00:00:00,2024-11-18,0,14.4,69.1,0.0,762.9,0
1874,2024-11-18 01:00:00,2024-11-18,1,19.6,72.4,0.0,748.1,0
1875,2024-11-18 02:00:00,2024-11-18,2,17.1,76.2,0.0,688.1,0
1876,2024-11-18 03:00:00,2024-11-18,3,16.0,74.5,0.0,671.0,0
1877,2024-11-18 04:00:00,2024-11-18,4,18.7,73.6,842.0,715.2,0
1878,2024-11-18 05:00:00,2024-11-18,5,38.8,66.3,2549.0,663.3,1
1879,2024-11-18 06:00:00,2024-11-18,6,26.1,64.6,0.0,666.3,0
1880,2024-11-18 07:00:00,2024-11-18,7,26.6,63.9,7360.0,565.0,0
1881,2024-11-18 08:00:00,2024-11-18,8,25.9,49.6,16776.0,477.5,0
1882,2024-11-18 09:00:00,2024-11-18,9,28.3,54.3,21601.0,455.3,0
1883,2024-11-18 10:00:00,2024-11-18,10,29.5,63.5,22536.0,463.6,0
1884,2024-11-18 11:00:00,2024-11-18,11,31.9,56.0,27364.0,452.8,0
1885,2024-11-18 12:00:00,2024-11-18,12,33.2,52.7,31529.0,461.8,0
1886,2024-11-18 13:00:00,2024-11-18,13,31.0,59.6,27532.0,445.6,0
1887,2024-11-18 14:00:00,2024-11-18,14,27.7,58.6,25776.0,478.7,0
1888,2024-11-18 15:00:00,2024-11-18,15,27.0,52.6,21879.0,499.9,0
1889,2024-11-18 16:00:00,2024-11-18,16,28.0,64.4,17420.0,533.3,0
1890,2024-11-18 17:00:00,2024-11-18,17,37.8,83.5,7175.0,524.6,1
1891,2024-11-18 18:00:00,2024-11-18,18,26.3,61.4,1862.0,654.3,0
1892,2024-11-18 19:00:00,2024-11-18,19,21.8,59.9,621.0,605.4,0
1893,2024-11-18 20:00:00,2024-11-18,20,19.7,69.9,547.0,657.0,0
1894,2024-11-18 21:00:00,2024-11-18,21,17.5,73.2,3927.0,716.1,0
1895,2024-11-18 22:00:00,2024-11-18,22,17.1,74.8,0.0,679.9,0
1896,2024-11-18 23:00:00,2024-11-18,23,18.8,70.2,1346.0,709.5,0
1897,2024-11-19 00:00:00,2024-11-19,0,18.5,76.2,1899.0,698.5,0
1898,2024-11-19 01:00:00,2024-11-19,1,18.0,79.2,132.0,726.9,0
1899,2024-11-19 02:00:00,2024-11-19,2,16.2,69.1,0.0,714.6,0
1900,2024-11-19 03:00:00,2024-11-19,3,20.4,73.0,0.0,730.2,0
1901,2024-11-19 04:00:00,2024-11-19,4,20.1,73.9,0.0,649.5,0
1902,2024-11-19 05:00:00,2024-11-19,5,24.2,65.1,0.0,665.0,0
1903,2024-11-19 06:00:00,2024-11-19,6,25.4,59.6,2756.0,664.5,0
1904,2024-11-19 07:00:00,2024-11-19,7,27.3,52.0,6648.0,579.6,0
1905,2024-11-19 08:00:00,2024-11-19,8,29.3,56.5,15065.0,498.2,0
1906,2024-11-19 09:00:00,2024-11-19,9,31.8,68.5,18351.0,436.2,0
1907,2024-11-19 10:00:00,2024-11-19,10,31.4,60.1,28969.0,476.1,0
1908,2024-11-19 11:00:00,2024-11-19,11,32.2,55.7,30256.0,433.9,0
1909,2024-11-19 12:00:00,2024-11-19,12,31.8,47.6,25417.0,416.7,0
1910,2024-11-19 13:00:00,2024-11-19,13,16.4,52.6,27009.0,358.1,1
1911,2024-11-19 14:00:00,2024-11-19,14,31.6,61.1,24356.0,437.7,0
1912,2024-11-19 15:00:00,2024-11-19,15,28.0,54.5,21761.0,526.6,0
1913,2024-11-19 16:00:00,2024-11-19,16,14.9,68.0,17971.0,463.8,1
1914,2024-11-19 17:00:00,2024-11-19,17,28.4,68.7,8679.0,580.1,0
1915,2024-11-19 18:00:00,2024-11-19,18,24.6,74.8,4363.0,589.0,0
1916,2024-11-19 19:00:00,2024-11-19,19,24.6,71.4,611.0,705.1,0
1917,2024-11-19 20:00:00,2024-11-19,20,23.5,76.8,0.0,682.3,0
1918,2024-11-19 21:00:00,2024-11-19,21,19.7,64.9,0.0,764.4,0
1919,2024-11-19 22:00:00,2024-11-19,22,3.3,72.1,0.0,734.9,1
1920,2024-11-19 23:00:00,2024-11-19,23,15.2,76.1,0.0,749.5,0
1921,2024-11-20 00:00:00,2024-11-20,0,16.0,75.6,0.0,759.7,0
1922,2024-11-20 01:00:00,2024-11-20,1,18.4,74.5,0.0,721.4,0
1923,2024-11-20 02:00:00,2024-11-20,2,16.8,56.8,0.0,762.0,0
1924,2024-11-20 03:00:00,2024-11-20,3,21.6,64.0,0.0,732.8,0
1925,2024-11-20 04:00:00,2024-11-20,4,21.5,70.0,0.0,641.3,0
1926,2024-11-20 05:00:00,2024-11-20,5,22.6,67.1,0.0,628.2,0
1927,2024-11-20 06:00:00,2024-11-20,6,25.5,60.4,0.0,607.7,0
1928,2024-11-20 07:00:00,2024-11-20,7,25.3,59.1,7323.0,529.2,0
1929,2024-11-20 08:00:00,2024-11-20,8,29.1,55.3,15506.0,568.7,0
1930,2024-11-20 09:00:00,2024-11-20,9,28.0,64.9,23445.0,489.2,0
1931,2024-11-20 10:00:00,2024-11-20,10,34.0,60.3,24464.0,503.1,0
1932,2024-11-20 11:00:00,2024-11-20,11,34.2,55.2,28289.0,425.3,0
1933,2024-11-20 12:00:00,2024-11-20,12,31.7,54.9,28364.0,495.9,0
1934,2024-11-20 13:00:00,2024-11-20,13,30.9,51.4,27295.0,418.2,0
1935,2024-11-20 14:00:00,2024-11-20,14,30.3,52.3,27988.0,447.3,0
1936,2024-11-20 15:00:00,2024-11-20,15,28.2,60.3,22988.0,468.2,0
1937,2024-11-20 16:00:00,2024-11-20,16,28.6,57.7,16763.0,517.5,0
1938,2024-11-20 17:00:00,2024-11-20,17,23.9,63.5,7610.0,587.8,0
1939,2024-11-20 18:00:00,2024-11-20,18,25.9,62.2,0.0,594.6,0
1940,2024-11-20 19:00:00,2024-11-20,19,24.7,61.2,118.0,617.9,0
1941,2024-11-20 20:00:00,2024-11-20,20,20.5,76.7,3804.0,694.7,0
1942,2024-11-20 21:00:00,2024-11-20,21,19.2,70.0,0.0,703.9,0
1943,2024-11-20 22:00:00,2024-11-20,22,16.6,76.6,3449.0,684.5,0
1944,2024-11-20 23:00:00,2024-11-20,23,16.8,65.5,2722.0,746.3,0
1945,2024-11-21 00:00:00,2024-11-21,0,0.7,78.5,10.0,687.5,1
1946,2024-11-21 01:00:00,2024-11-21,1,15.6,85.8,0.0,775.7,0
1947,2024-11-21 02:00:00,2024-11-21,2,16.5,72.9,0.0,736.6,0
1948,2024-11-21 03:00:00,2024-11-21,3,14.3,65.7,0.0,714.8,0
1949,2024-11-21 04:00:00,2024-11-21,4,21.4,64.9,1220.0,689.2,0
1950,2024-11-21 05:00:00,2024-11-21,5,25.1,70.1,0.0,646.3,0
1951,2024-11-21 06:00:00,2024-11-21,6,25.6,62.1,2179.0,611.5,0
1952,2024-11-21 07:00:00,2024-11-21,7,25.9,65.1,9653.0,567.0,0
1953,2024-11-21 08:00:00,2024-11-21,8,29.4,64.0,14805.0,548.4,0
1954,2024-11-21 09:00:00,2024-11-21,9,29.2,55.8,18588.0,501.2,0
1955,2024-11-21 10:00:00,2024-11-21,10,31.9,62.2,27563.0,461.6,0
1956,2024-11-21 11:00:00,2024-11-21,11,30.4,57.5,31199.0,477.8,0
1957,2024-11-21 12:00:00,2024-11-21,12,31.8,51.3,29888.0,447.6,0
1958,2024-11-21 13:00:00,2024-11-21,13,32.0,51.5,30861.0,457.4,0
1959,2024-11-21 14:00:00,2024-11-21,14,31.1,52.6,23317.0,509.3,0
1960,2024-11-21 15:00:00,2024-11-21,15,31.3,62.5,21462.0,541.9,0
1961,2024-11-21 16:00:00,2024-11-21,16,29.0,61.2,13793.0,542.2,0
1962,2024-11-21 17:00:00,2024-11-21,17,10.2,57.5,7537.0,574.2,1
1963,2024-11-21 18:00:00,2024-11-21,18,25.0,60.7,0.0,602.1,0
1964,2024-11-21 19:00:00,2024-11-21,19,22.1,64.6,100.0,625.5,0
1965,2024-11-21 20:00:00,2024-11-21,20,20.5,74.4,1302.0,629.2,0
1966,2024-11-21 21:00:00,2024-11-21,21,20.1,75.3,1775.0,738.6,0
1967,2024-11-21 22:00:00,2024-11-21,22,20.2,82.3,0.0,748.0,0
1968,2024-11-21 23:00:00,2024-11-21,23,17.3,68.6,0.0,838.9,0
1969,2024-11-22 00:00:00,2024-11-22,0,20.0,71.0,0.0,673.7,0
1970,2024-11-22 01:00:00,2024-11-22,1,5.6,45.8,2074.0,752.9,1
1971,2024-11-22 02:00:00,2024-11-22,2,20.0,63.1,873.0,744.3,0
1972,2024-11-22 03:00:00,2024-11-22,3,19.3,67.9,2410.0,740.7,0
1973,2024-11-22 04:00:00,2024-11-22,4,18.4,71.1,94.0,664.2,0
1974,2024-11-22 05:00:00,2024-11-22,5,22.7,66.6,3926.0,579.1,0
1975,2024-11-22 06:00:00,2024-11-22,6,24.2,58.5,353.0,551.4,0
1976,2024-11-22 07:00:00,2024-11-22,7,25.7,67.6,5758.0,514.9,0
1977,2024-11-22 08:00:00,2024-11-22,8,27.0,61.8,16687.0,496.8,0
1978,2024-11-22 09:00:00,2024-11-22,9,30.5,64.7,19675.0,482.6,0
1979,2024-11-22 10:00:00,2024-11-22,10,28.4,49.4,28184.0,456.9,0
1980,2024-11-22 11:00:00,2024-11-22,11,33.6,48.5,27815.0,427.3,0
1981,2024-11-22 12:00:00,2024-11-22,12,32.4,51.1,29463.0,442.7,0
1982,2024-11-22 13:00:00,2024-11-22,13,30.6,55.6,26026.0,448.7,0
1983,2024-11-22 14:00:00,2024-11-22,14,28.7,57.2,27618.0,446.2,0
1984,2024-11-22 15:00:00,2024-11-22,15,29.5,54.6,22085.0,543.7,0
1985,2024-11-22 16:00:00,2024-11-22,16,17.3,62.9,16573.0,523.1,1
1986,2024-11-22 17:00:00,2024-11-22,17,24.8,60.8,9087.0,576.5,0
1987,2024-11-22 18:00:00,2024-11-22,18,24.0,65.9,0.0,586.5,0
1988,2024-11-22 19:00:00,2024-11-22,19,21.7,62.4,2007.0,655.3,0
1989,2024-11-22 20:00:00,2024-11-22,20,21.7,61.4,0.0,666.6,0
1990,2024-11-22 21:00:00,2024-11-22,21,18.3,76.3,0.0,759.4,0
1991,2024-11-22 22:00:00,2024-11-22,22,18.9,66.4,0.0,726.3,0
1992,2024-11-22 23:00:00,2024-11-22,23,17.4,71.7,974.0,795.2,0
1993,2024-11-23 00:00:00,2024-11-23,0,17.5,77.9,1013.0,783.4,0
1994,2024-11-23 01:00:00,2024-11-23,1,17.8,72.7,0.0,736.8,0
1995,2024-11-23 02:00:00,2024-11-23,2,17.5,65.4,1721.0,646.9,0
1996,2024-11-23 03:00:00,2024-11-23,3,18.5,72.1,606.0,688.4,0
1997,2024-11-23 04:00:00,2024-11-23,4,20.4,70.9,0.0,676.2,0
1998,2024-11-23 05:00:00,2024-11-23,5,22.1,73.3,0.0,645.6,0
1999,2024-11-23 06:00:00,2024-11-23,6,26.5,64.6,429.0,597.1,0
2000,2024-11-23 07:00:00,2024-11-23,7,28.4,61.1,10331.0,558.1,0
2001,2024-11-23 08:00:00,2024-11-23,8,28.1,63.1,9541.0,525.2,0
2002,2024-11-23 09:00:00,2024-11-23,9,29.3,55.1,21117.0,452.9,0
2003,2024-11-23 10:00:00,2024-11-23,10,31.9,60.4,28170.0,507.2,0
2004,2024-11-23 11:00:00,2024-11-23,11,21.2,79.3,30394.0,478.4,1
2005,2024-11-23 12:00:00,2024-11-23,12,31.3,57.4,28679.0,457.1,0
2006,2024-11-23 13:00:00,2024-11-23,13,30.8,57.4,27929.0,438.4,0
2007,2024-11-23 14:00:00,2024-11-23,14,33.9,50.7,28927.0,460.2,0
2008,2024-11-23 15:00:00,2024-11-23,15,30.3,56.9,21653.0,495.0,0
2009,2024-11-23 16:00:00,2024-11-23,16,26.4,55.4,13424.0,493.3,0
2010,2024-11-23 17:00:00,2024-11-23,17,23.6,60.0,7121.0,552.6,0
2011,2024-11-23 18:00:00,2024-11-23,18,22.6,63.4,0.0,590.0,0
2012,2024-11-23 19:00:00,2024-11-23,19,21.4,66.3,602.0,637.5,0
2013,2024-11-23 20:00:00,2024-11-23,20,21.5,75.6,548.0,674.4,0
2014,2024-11-23 21:00:00,2024-11-23,21,19.5,73.6,2002.0,729.9,0
2015,2024-11-23 22:00:00,2024-11-23,22,18.1,75.3,0.0,762.0,0
2016,2024-11-23 23:00:00,2024-11-23,23,14.3,78.2,534.0,736.4,0
2017,2024-11-24 00:00:00,2024-11-24,0,14.6,82.1,144.0,819.4,0
2018,2024-11-24 01:00:00,2024-11-24,1,30.8,74.1,300.0,788.9,1
2019,2024-11-24 02:00:00,2024-11-24,2,16.3,82.1,0.0,739.6,0
2020,2024-11-24 03:00:00,2024-11-24,3,19.0,68.7,1770.0,767.6,0
2021,2024-11-24 04:00:00,2024-11-24,4,24.0,69.4,0.0,610.7,0
2022,2024-11-24 05:00:00,2024-11-24,5,21.6,57.5,2470.0,594.8,0
2023,2024-11-24 06:00:00,2024-11-24,6,21.6,60.5,2495.0,586.7,0
2024,2024-11-24 07:00:00,2024-11-24,7,26.4,68.6,7285.0,554.5,0
2025,2024-11-24 08:00:00,2024-11-24,8,28.9,58.9,10144.0,551.2,0
2026,2024-11-24 09:00:00,2024-11-24,9,29.4,57.1,21912.0,503.4,0
2027,2024-11-24 10:00:00,2024-11-24,10,30.9,57.0,27978.0,557.6,0
2028,2024-11-24 11:00:00,2024-11-24,11,31.7,56.9,30929.0,448.9,0
2029,2024-11-24 12:00:00,2024-11-24,12,32.7,53.3,28869.0,459.3,0
2030,2024-11-24 13:00:00,2024-11-24,13,30.4,51.9,30240.0,413.7,0
2031,2024-11-24 14:00:00,2024-11-24,14,21.7,38.8,27630.0,494.8,1
2032,2024-11-24 15:00:00,2024-11-24,15,31.7,52.3,23019.0,479.9,0
2033,2024-11-24 16:00:00,2024-11-24,16,30.0,58.3,13933.0,512.1,0
2034,2024-11-24 17:00:00,2024-11-24,17,25.2,55.0,2767.0,529.5,0
2035,2024-11-24 18:00:00,2024-11-24,18,27.3,63.4,0.0,651.5,0
2036,2024-11-24 19:00:00,2024-11-24,19,23.4,73.8,0.0,652.8,0
2037,2024-11-24 20:00:00,2024-11-24,20,20.9,73.1,0.0,621.6,0
2038,2024-11-24 21:00:00,2024-11-24,21,21.9,73.5,0.0,722.1,0
2039,2024-11-24 22:00:00,2024-11-24,22,17.7,74.7,87.0,738.8,0
2040,2024-11-24 23:00:00,2024-11-24,23,16.5,70.0,2362.0,740.7,0
2041,2024-11-25 00:00:00,2024-11-25,0,15.0,72.4,2648.0,716.4,0
2042,2024-11-25 01:00:00,2024-11-25,1,18.9,71.8,702.0,765.2,0
2043,2024-11-25 02:00:00,2024-11-25,2,17.3,72.5,0.0,728.3,0
2044,2024-11-25 03:00:00,2024-11-25,3,19.4,68.0,0.0,689.2,0
2045,2024-11-25 04:00:00,2024-11-25,4,21.0,75.5,2299.0,713.7,0
2046,2024-11-25 05:00:00,2024-11-25,5,10.6,45.9,0.0,620.3,1
2047,2024-11-25 06:00:00,2024-11-25,6,10.1,51.4,1452.0,677.7,1
2048,2024-11-25 07:00:00,2024-11-25,7,28.4,67.7,9781.0,564.0,0
2049,2024-11-25 08:00:00,2024-11-25,8,28.5,67.7,14380.0,548.6,0
2050,2024-11-25 09:00:00,2024-11-25,9,32.2,43.4,18768.0,466.5,0
2051,2024-11-25 10:00:00,2024-11-25,10,31.9,58.3,27173.0,441.6,0
2052,2024-11-25 11:00:00,2024-11-25,11,31.4,47.5,30920.0,497.0,0
2053,2024-11-25 12:00:00,2024-11-25,12,33.5,61.8,28717.0,483.3,0
2054,2024-11-25 13:00:00,2024-11-25,13,32.6,61.8,29425.0,410.6,0
2055,2024-11-25 14:00:00,2024-11-25,14,33.4,55.9,28333.0,504.1,0
2056,2024-11-25 15:00:00,2024-11-25,15,30.9,60.5,22058.0,433.5,0
2057,2024-11-25 16:00:00,2024-11-25,16,28.8,54.3,12630.0,573.1,0
2058,2024-11-25 17:00:00,2024-11-25,17,26.9,61.2,8904.0,540.9,0
2059,2024-11-25 18:00:00,2024-11-25,18,23.9,65.1,0.0,609.9,0
2060,2024-11-25 19:00:00,2024-11-25,19,24.3,64.0,0.0,652.7,0
2061,2024-11-25 20:00:00,2024-11-25,20,21.4,75.4,0.0,646.7,0
2062,2024-11-25 21:00:00,2024-11-25,21,19.8,66.3,4666.0,744.9,0
2063,2024-11-25 22:00:00,2024-11-25,22,15.2,86.3,0.0,726.3,0
2064,2024-11-25 23:00:00,2024-11-25,23,15.2,75.2,0.0,712.6,0
2065,2024-11-26 00:00:00,2024-11-26,0,14.7,71.3,1327.0,828.1,0
2066,2024-11-26 01:00:00,2024-11-26,1,17.6,70.1,0.0,745.8,0
2067,2024-11-26 02:00:00,2024-11-26,2,17.2,78.2,435.0,757.1,0
2068,2024-11-26 03:00:00,2024-11-26,3,18.7,67.2,4355.0,651.3,0
2069,2024-11-26 04:00:00,2024-11-26,4,19.5,66.9,5017.0,729.2,0
2070,2024-11-26 05:00:00,2024-11-26,5,41.2,69.4,1955.0,644.2,1
2071,2024-11-26 06:00:00,2024-11-26,6,25.0,64.7,5935.0,612.9,0
2072,2024-11-26 07:00:00,2024-11-26,7,27.0,54.8,7516.0,579.6,0
2073,2024-11-26 08:00:00,2024-11-26,8,29.3,65.0,15307.0,527.5,0
2074,2024-11-26 09:00:00,2024-11-26,9,28.2,65.6,20602.0,464.5,0
2075,2024-11-26 10:00:00,2024-11-26,10,35.5,64.7,25085.0,413.7,1
2076,2024-11-26 11:00:00,2024-11-26,11,32.6,48.6,30546.0,448.8,0
2077,2024-11-26 12:00:00,2024-11-26,12,34.6,57.7,27028.0,461.0,0
2078,2024-11-26 13:00:00,2024-11-26,13,31.8,51.0,27653.0,463.8,0
2079,2024-11-26 14:00:00,2024-11-26,14,31.1,59.1,24411.0,491.3,0
2080,2024-11-26 15:00:00,2024-11-26,15,31.0,60.7,20209.0,510.8,0
2081,2024-11-26 16:00:00,2024-11-26,16,28.1,63.2,14830.0,547.4,0
2082,2024-11-26 17:00:00,2024-11-26,17,29.1,58.9,9307.0,561.9,0
2083,2024-11-26 18:00:00,2024-11-26,18,25.1,68.8,0.0,622.0,0
2084,2024-11-26 19:00:00,2024-11-26,19,22.0,71.0,896.0,598.0,0
2085,2024-11-26 20:00:00,2024-11-26,20,19.1,76.8,11.0,704.5,0
2086,2024-11-26 21:00:00,2024-11-26,21,20.5,70.9,0.0,666.9,0
2087,2024-11-26 22:00:00,2024-11-26,22,16.2,69.8,316.0,738.2,0
2088,2024-11-26 23:00:00,2024-11-26,23,16.9,72.6,0.0,735.4,0
2089,2024-11-27 00:00:00,2024-11-27,0,16.1,81.1,0.0,781.6,0
2090,2024-11-27 01:00:00,2024-11-27,1,16.9,78.2,0.0,725.2,0
2091,2024-11-27 02:00:00,2024-11-27,2,17.6,69.7,0.0,680.7,0
2092,2024-11-27 03:00:00,2024-11-27,3,18.0,71.2,0.0,690.0,0
2093,2024-11-27 04:00:00,2024-11-27,4,21.2,61.0,790.0,623.2,0
2094,2024-11-27 05:00:00,2024-11-27,5,23.2,66.5,2183.0,618.6,0
2095,2024-11-27 06:00:00,2024-11-27,6,24.8,54.8,1766.0,651.8,0
2096,2024-11-27 07:00:00,2024-11-27,7,27.4,54.7,6266.0,536.8,0
2097,2024-11-27 08:00:00,2024-11-27,8,28.3,63.9,15422.0,542.8,0
2098,2024-11-27 09:00:00,2024-11-27,9,28.7,64.8,19678.0,472.5,0
2099,2024-11-27 10:00:00,2024-11-27,10,32.4,58.1,26027.0,495.3,0
2100,2024-11-27 11:00:00,2024-11-27,11,31.6,54.9,32697.0,433.8,0
2101,2024-11-27 12:00:00,2024-11-27,12,31.4,53.1,31133.0,480.4,0
2102,2024-11-27 13:00:00,2024-11-27,13,33.3,54.6,26773.0,465.5,0
2103,2024-11-27 14:00:00,2024-11-27,14,32.9,58.7,26931.0,460.9,0
2104,2024-11-27 15:00:00,2024-11-27,15,31.5,56.4,23183.0,505.5,0
2105,2024-11-27 16:00:00,2024-11-27,16,27.8,50.1,17007.0,618.0,0
2106,2024-11-27 17:00:00,2024-11-27,17,25.9,57.8,8066.0,590.2,0
2107,2024-11-27 18:00:00,2024-11-27,18,22.6,66.1,141.0,600.2,0
2108,2024-11-27 19:00:00,2024-11-27,19,21.9,74.0,3242.0,627.2,0
2109,2024-11-27 20:00:00,2024-11-27,20,21.1,70.5,1066.0,716.4,0
2110,2024-11-27 21:00:00,2024-11-27,21,20.2,74.7,1508.0,713.6,0
2111,2024-11-27 22:00:00,2024-11-27,22,17.9,68.9,0.0,702.4,0
2112,2024-11-27 23:00:00,2024-11-27,23,16.6,78.5,2339.0,772.2,0
2113,2024-11-28 00:00:00,2024-11-28,0,16.4,74.4,1169.0,721.2,0
2114,2024-11-28 01:00:00,2024-11-28,1,18.7,78.2,4275.0,722.2,0
2115,2024-11-28 02:00:00,2024-11-28,2,16.6,76.3,0.0,715.2,0
2116,2024-11-28 03:00:00,2024-11-28,3,20.6,62.8,1084.0,689.5,0
2117,2024-11-28 04:00:00,2024-11-28,4,17.2,68.9,116.0,604.3,0
2118,2024-11-28 05:00:00,2024-11-28,5,20.8,64.3,0.0,621.7,0
2119,2024-11-28 06:00:00,2024-11-28,6,24.9,69.9,0.0,633.1,0
2120,2024-11-28 07:00:00,2024-11-28,7,25.2,63.2,11978.0,513.5,0
2121,2024-11-28 08:00:00,2024-11-28,8,29.0,57.0,12741.0,523.9,0
2122,2024-11-28 09:00:00,2024-11-28,9,30.5,58.6,18934.0,483.8,0
2123,2024-11-28 10:00:00,2024-11-28,10,30.0,56.7,31249.0,435.6,0
2124,2024-11-28 11:00:00,2024-11-28,11,28.0,48.2,29599.0,449.8,0
2125,2024-11-28 12:00:00,2024-11-28,12,32.2,51.5,29314.0,413.7,0
2126,2024-11-28 13:00:00,2024-11-28,13,30.6,52.1,29880.0,459.4,0
2127,2024-11-28 14:00:00,2024-11-28,14,31.6,64.8,28776.0,431.9,0
2128,2024-11-28 15:00:00,2024-11-28,15,31.0,57.0,20608.0,500.8,0
2129,2024-11-28 16:00:00,2024-11-28,16,29.0,57.3,14674.0,508.0,0
2130,2024-11-28 17:00:00,2024-11-28,17,24.8,69.8,7625.0,612.1,0
2131,2024-11-28 18:00:00,2024-11-28,18,25.4,64.7,0.0,634.1,0
2132,2024-11-28 19:00:00,2024-11-28,19,22.5,62.2,0.0,680.0,0
2133,2024-11-28 20:00:00,2024-11-28,20,22.8,69.6,0.0,662.9,0
2134,2024-11-28 21:00:00,2024-11-28,21,17.2,73.2,352.0,651.9,0
2135,2024-11-28 22:00:00,2024-11-28,22,18.9,78.4,0.0,749.1,0
2136,2024-11-28 23:00:00,2024-11-28,23,27.2,59.4,2343.0,695.9,1
2137,2024-11-29 00:00:00,2024-11-29,0,14.6,72.6,726.0,717.6,0
2138,2024-11-29 01:00:00,2024-11-29,1,15.4,75.3,0.0,755.4,0
2139,2024-11-29 02:00:00,2024-11-29,2,16.9,76.6,0.0,711.6,0
2140,2024-11-29 03:00:00,2024-11-29,3,17.3,80.7,0.0,720.2,0
2141,2024-11-29 04:00:00,2024-11-29,4,17.3,76.7,5292.0,712.3,0
2142,2024-11-29 05:00:00,2024-11-29,5,24.7,65.5,504.0,653.5,0
2143,2024-11-29 06:00:00,2024-11-29,6,23.2,63.0,1682.0,547.0,0
2144,2024-11-29 07:00:00,2024-11-29,7,26.8,63.1,8910.0,555.8,0
2145,2024-11-29 08:00:00,2024-11-29,8,31.9,59.9,13237.0,511.0,0
2146,2024-11-29 09:00:00,2024-11-29,9,29.7,64.6,22248.0,490.4,0
2147,2024-11-29 10:00:00,2024-11-29,10,32.4,62.8,25157.0,440.3,0
2148,2024-11-29 11:00:00,2024-11-29,11,30.1,62.4,30687.0,386.6,0
2149,2024-11-29 12:00:00,2024-11-29,12,31.9,42.6,29950.0,452.3,0
2150,2024-11-29 13:00:00,2024-11-29,13,33.6,50.0,31024.0,441.1,0
2151,2024-11-29 14:00:00,2024-11-29,14,31.9,50.3,24306.0,412.1,0
2152,2024-11-29 15:00:00,2024-11-29,15,28.3,58.9,17681.0,502.9,0
2153,2024-11-29 16:00:00,2024-11-29,16,28.5,58.3,14177.0,448.3,0
2154,2024-11-29 17:00:00,2024-11-29,17,27.2,61.2,3723.0,579.0,0
2155,2024-11-29 18:00:00,2024-11-29,18,23.0,67.6,0.0,625.9,0
2156,2024-11-29 19:00:00,2024-11-29,19,22.5,66.1,0.0,602.3,0
2157,2024-11-29 20:00:00,2024-11-29,20,20.6,69.7,0.0,738.6,0
2158,2024-11-29 21:00:00,2024-11-29,21,19.6,67.8,53.0,718.1,0
2159,2024-11-29 22:00:00,2024-11-29,22,22.3,79.6,4065.0,722.2,0
2160,2024-11-29 23:00:00,2024-11-29,23,16.1,78.4,0.0,765.8,0
